,Stock,Bollinger Band,Keltner Channel,Moving Envelope,Parabolic SAR,Price Channel
0,AABA,0,0,0,1,0
1,AAL,0,0,0,0,1
2,AAME,0,0,0,0,1
3,AAOI,1,0,0,0,0
4,AAON,0,0,0,0,1
5,AAPL,0,0,1,0,0
6,AAWW,0,1,0,0,0
7,AAXJ,1,0,0,0,0
8,AAXN,0,0,1,0,0
9,ABAC,0,0,0,0,1
10,ABAX,0,0,0,0,1
11,ABCB,0,0,1,0,0
12,ABCD,0,0,1,0,0
13,ABDC,0,0,0,1,0
14,ABEO,0,0,1,0,0
15,ABIL,0,0,0,0,1
16,ABIO,0,1,0,0,0
17,ABMD,0,0,0,1,0
18,ABTX,0,0,0,0,1
19,ABUS,0,1,0,0,0
20,ACAD,0,0,1,0,0
21,ACBI,0,1,0,0,0
22,ACER,0,0,0,0,1
23,ACET,0,0,1,0,0
24,ACFC,0,1,0,0,0
25,ACGL,0,0,1,0,0
26,ACGLP,0,1,0,0,0
27,ACHC,0,0,0,0,1
28,ACHN,0,0,0,0,1
29,ACHV,0,0,0,1,0
30,ACIA,1,0,0,0,0
31,ACIW,0,0,0,0,1
32,ACLS,1,0,0,0,0
33,ACNB,0,0,0,0,1
34,ACOR,0,0,0,0,1
35,ACRS,0,0,0,0,1
36,ACRX,0,0,0,0,1
37,ACSF,0,0,0,0,1
38,ACST,0,0,0,0,1
39,ACTG,0,1,0,0,0
40,ACWI,0,0,1,0,0
41,ACWX,1,0,0,0,0
42,ACXM,0,0,0,0,1
43,ADAP,0,0,0,0,1
44,ADBE,0,0,0,1,0
45,ADES,0,0,0,0,1
46,ADI,0,0,1,0,0
47,ADMA,0,0,0,0,1
48,ADMP,0,0,0,0,1
49,ADMS,0,0,0,0,1
50,ADP,0,0,1,0,0
51,ADRA,0,0,0,1,0
52,ADRD,1,0,0,0,0
53,ADRE,0,0,0,1,0
54,ADRO,0,0,1,0,0
55,ADRU,1,0,0,0,0
56,ADSK,0,1,0,0,0
57,ADTN,0,0,0,0,1
58,ADUS,0,0,1,0,0
59,ADXS,1,0,0,0,0
60,AEGN,0,1,0,0,0
61,AEHR,0,1,0,0,0
62,AEIS,0,1,0,0,0
63,AEMD,1,0,0,0,0
64,AERI,0,0,0,0,1
65,AETI,0,0,1,0,0
66,AEY,0,1,0,0,0
67,AEZS,0,0,0,0,1
68,AFH,0,0,0,0,1
69,AFMD,0,0,0,0,1
70,AFSI,0,0,0,0,1
71,AGEN,0,0,0,0,1
72,AGFS,0,0,0,1,0
73,AGII,0,0,0,0,1
74,AGIIL,1,0,0,0,0
75,AGIO,0,1,0,0,0
76,AGLE,0,0,0,0,1
77,AGNC,1,0,0,0,0
78,AGNCB,1,0,0,0,0
79,AGND,1,0,0,0,0
80,AGRX,0,0,0,0,1
81,AGTC,0,0,0,0,1
82,AGYS,0,0,0,0,1
83,AGZD,1,0,0,0,0
84,AHGP,0,0,1,0,0
85,AHPI,0,0,0,0,1
86,AIA,0,0,0,1,0
87,AIMC,0,0,1,0,0
88,AIMT,0,0,0,0,1
89,AINV,0,0,0,0,1
90,AIRR,1,0,0,0,0
91,AKAM,0,1,0,0,0
92,AKAO,0,0,1,0,0
93,AKBA,0,1,0,0,0
94,AKER,0,0,0,0,1
95,AKRX,0,0,0,1,0
96,AKTS,1,0,0,0,0
97,AKTX,1,0,0,0,0
98,ALBO,0,0,1,0,0
99,ALCO,0,0,0,0,1
100,ALDR,0,0,0,0,1
101,ALDX,0,0,0,0,1
102,ALGN,0,0,0,1,0
103,ALGT,0,0,1,0,0
104,ALIM,0,0,0,0,1
105,ALJJ,1,0,0,0,0
106,ALKS,1,0,0,0,0
107,ALLT,0,0,0,0,1
108,ALNY,0,1,0,0,0
109,ALOG,1,0,0,0,0
110,ALOT,0,0,0,0,1
111,ALPN,0,0,1,0,0
112,ALQA,0,1,0,0,0
113,ALRM,0,0,1,0,0
114,ALSK,1,0,0,0,0
115,ALT,0,0,0,1,0
116,ALTY,0,0,0,0,1
117,ALXN,0,0,1,0,0
118,AMAG,0,0,0,0,1
119,AMAT,0,0,0,1,0
120,AMBA,0,0,0,0,1
121,AMBC,0,0,0,0,1
122,AMCN,1,0,0,0,0
123,AMCX,1,0,0,0,0
124,AMD,0,0,0,0,1
125,AMDA,1,0,0,0,0
126,AMED,0,1,0,0,0
127,AMEH,0,1,0,0,0
128,AMGN,0,1,0,0,0
129,AMKR,0,0,0,0,1
130,AMMA,0,0,0,1,0
131,AMNB,0,0,1,0,0
132,AMOT,0,1,0,0,0
133,AMOV,0,0,0,1,0
134,AMPH,0,0,0,0,1
135,AMRB,0,0,0,0,1
136,AMRH,1,0,0,0,0
137,AMRK,0,1,0,0,0
138,AMRN,0,0,0,0,1
139,AMRS,0,0,0,0,1
140,AMSC,0,0,0,0,1
141,AMSF,0,0,1,0,0
142,AMSWA,0,0,0,0,1
143,AMTD,0,0,1,0,0
144,AMTX,0,0,0,0,1
145,AMWD,0,0,1,0,0
146,AMZN,0,0,1,0,0
147,ANAT,0,0,1,0,0
148,ANCX,0,0,0,0,1
149,ANDE,0,0,0,0,1
150,ANGI,0,0,0,0,1
151,ANGO,0,0,0,0,1
152,ANIK,0,1,0,0,0
153,ANIP,0,0,0,0,1
154,ANSS,0,0,1,0,0
155,ANTH,1,0,0,0,0
156,ANY,0,0,0,1,0
157,AOBC,0,0,0,1,0
158,AOSL,0,0,0,0,1
159,APDN,0,0,0,0,1
160,APEI,0,0,0,0,1
161,APEN,0,0,1,0,0
162,APLP,0,0,0,0,1
163,APOG,1,0,0,0,0
164,APPF,0,0,0,1,0
165,APPS,0,0,0,1,0
166,APRI,1,0,0,0,0
167,APTO,0,0,0,0,1
168,APWC,0,0,0,0,1
169,AQMS,0,0,0,1,0
170,AQXP,0,0,0,0,1
171,ARAY,0,0,0,0,1
172,ARCB,0,0,0,0,1
173,ARCC,0,0,0,0,1
174,ARCI,0,0,0,0,1
175,ARCT,1,0,0,0,0
176,ARCW,0,0,0,1,0
177,ARDM,0,0,0,0,1
178,ARDX,0,0,0,0,1
179,AREX,0,0,0,0,1
180,ARGS,0,0,0,1,0
181,ARII,0,0,0,0,1
182,ARKR,0,0,0,0,1
183,ARLP,0,1,0,0,0
184,ARLZ,0,0,0,0,1
185,ARNA,0,0,1,0,0
186,AROW,0,0,0,0,1
187,ARQL,0,0,1,0,0
188,ARRS,0,0,0,0,1
189,ARRY,0,0,0,0,1
190,ARTNA,1,0,0,0,0
191,ARTW,0,0,0,0,1
192,ARTX,0,0,0,0,1
193,ARWR,0,0,0,0,1
194,ASCMA,0,0,1,0,0
195,ASET,1,0,0,0,0
196,ASFI,0,0,0,1,0
197,ASMB,0,0,0,1,0
198,ASML,1,0,0,0,0
199,ASNA,0,1,0,0,0
200,ASND,0,0,0,1,0
201,ASPS,0,0,0,0,1
202,ASPU,1,0,0,0,0
203,ASRV,0,0,1,0,0
204,ASRVP,0,0,0,0,1
205,ASTC,0,1,0,0,0
206,ASTE,0,0,1,0,0
207,ASUR,0,0,0,0,1
208,ASYS,1,0,0,0,0
209,ATAI,0,0,0,0,1
210,ATAX,0,1,0,0,0
211,ATEC,0,0,1,0,0
212,ATHN,0,1,0,0,0
213,ATHX,0,0,0,0,1
214,ATLC,1,0,0,0,0
215,ATLO,0,0,0,0,1
216,ATNI,0,0,0,0,1
217,ATOS,1,0,0,0,0
218,ATRA,0,0,1,0,0
219,ATRC,0,0,0,0,1
220,ATRI,0,0,1,0,0
221,ATRO,0,0,0,1,0
222,ATRS,0,0,0,0,1
223,ATSG,1,0,0,0,0
224,ATTU,0,0,1,0,0
225,ATVI,1,0,0,0,0
226,AUDC,0,0,0,0,1
227,AUPH,1,0,0,0,0
228,AUTO,0,0,1,0,0
229,AVAV,0,0,0,1,0
230,AVDL,0,0,0,0,1
231,AVEO,1,0,0,0,0
232,AVGO,1,0,0,0,0
233,AVGR,0,0,0,1,0
234,AVHI,0,0,0,0,1
235,AVID,0,0,0,0,1
236,AVNW,0,0,0,0,1
237,AVXL,0,0,0,1,0
238,AVXS,0,0,1,0,0
239,AWRE,1,0,0,0,0
240,AXAS,0,0,0,0,1
241,AXDX,0,0,0,0,1
242,AXGN,0,0,0,1,0
243,AXSM,0,0,0,0,1
244,AXTI,0,1,0,0,0
245,AY,0,1,0,0,0
246,AYTU,0,0,0,1,0
247,AZPN,1,0,0,0,0
248,AZRX,0,0,0,0,1
249,BABY,0,0,0,0,1
250,BANF,0,0,1,0,0
251,BANFP,0,1,0,0,0
252,BANR,0,0,0,0,1
253,BANX,0,0,1,0,0
254,BASI,0,0,0,0,1
255,BATRA,0,0,0,0,1
256,BATRK,0,0,0,0,1
257,BBBY,0,0,0,1,0
258,BBC,0,0,1,0,0
259,BBGI,0,0,0,0,1
260,BBH,0,1,0,0,0
261,BBOX,1,0,0,0,0
262,BBP,0,1,0,0,0
263,BBRG,0,0,0,0,1
264,BBSI,0,0,1,0,0
265,BCBP,0,1,0,0,0
266,BCLI,1,0,0,0,0
267,BCOM,0,0,1,0,0
268,BCOR,0,0,0,1,0
269,BCOV,0,0,0,0,1
270,BCPC,0,0,1,0,0
271,BCRX,0,0,0,0,1
272,BCTF,0,0,0,1,0
273,BDGE,0,0,0,0,1
274,BDSI,0,0,0,0,1
275,BEAT,0,1,0,0,0
276,BECN,0,0,0,0,1
277,BELFA,0,0,0,0,1
278,BELFB,1,0,0,0,0
279,BFIN,0,0,0,0,1
280,BFIT,0,0,0,1,0
281,BGCP,1,0,0,0,0
282,BGFV,0,0,1,0,0
283,BGNE,0,0,1,0,0
284,BHAC,0,0,0,0,1
285,BHBK,0,0,0,0,1
286,BHTG,1,0,0,0,0
287,BIB,0,0,1,0,0
288,BICK,0,0,0,1,0
289,BIDU,0,0,1,0,0
290,BIIB,0,0,1,0,0
291,BIOC,0,0,0,1,0
292,BIOL,0,0,0,1,0
293,BIOS,1,0,0,0,0
294,BIS,1,0,0,0,0
295,BJRI,0,0,0,0,1
296,BKCC,0,0,0,0,1
297,BKEP,0,0,0,1,0
298,BKEPP,1,0,0,0,0
299,BKSC,0,0,0,0,1
300,BKYI,0,0,0,0,1
301,BL,0,1,0,0,0
302,BLBD,1,0,0,0,0
303,BLCM,0,0,0,0,1
304,BLDP,0,1,0,0,0
305,BLDR,0,0,0,1,0
306,BLFS,0,0,0,1,0
307,BLKB,0,0,0,1,0
308,BLMN,0,0,1,0,0
309,BLMT,0,0,0,0,1
310,BLNK,0,1,0,0,0
311,BLPH,0,0,1,0,0
312,BLRX,0,0,0,0,1
313,BLUE,0,0,1,0,0
314,BMCH,0,0,1,0,0
315,BMRA,0,0,0,0,1
316,BMRC,0,0,1,0,0
317,BMRN,0,0,1,0,0
318,BMTC,0,0,0,0,1
319,BNCL,0,0,0,0,1
320,BNDX,0,1,0,0,0
321,BNFT,0,0,0,0,1
322,BNSO,0,1,0,0,0
323,BNTC,0,0,0,0,1
324,BOCH,0,0,0,0,1
325,BOFI,0,0,1,0,0
326,BOFIL,1,0,0,0,0
327,BOJA,0,0,0,0,1
328,BOKF,0,0,1,0,0
329,BOOM,0,0,1,0,0
330,BOSC,0,0,0,0,1
331,BOTJ,0,0,0,0,1
332,BPFH,0,0,0,0,1
333,BPFHP,1,0,0,0,0
334,BPMC,0,0,0,1,0
335,BPOP,0,0,0,0,1
336,BPOPM,0,0,0,0,1
337,BPTH,0,0,0,1,0
338,BPY,1,0,0,0,0
339,BREW,0,0,0,0,1
340,BRID,0,1,0,0,0
341,BRKL,0,0,0,0,1
342,BRKR,0,0,1,0,0
343,BRKS,0,1,0,0,0
344,BSET,0,1,0,0,0
345,BSF,0,0,0,0,1
346,BSPM,0,0,0,0,1
347,BSQR,0,1,0,0,0
348,BSRR,0,0,0,0,1
349,BSTC,0,0,0,0,1
350,BUFF,0,0,1,0,0
351,BUR,0,0,0,1,0
352,BURG,0,0,0,0,1
353,BUSE,0,0,0,0,1
354,BVSN,0,0,0,1,0
355,BVXV,0,1,0,0,0
356,BWEN,0,1,0,0,0
357,BWFG,0,0,0,0,1
358,BWINA,0,0,0,0,1
359,BWINB,0,0,0,0,1
360,BYFC,0,0,1,0,0
361,BZUN,0,0,0,1,0
362,CA,0,0,0,0,1
363,CAAS,0,0,0,0,1
364,CAC,0,0,0,0,1
365,CACC,1,0,0,0,0
366,CADC,0,0,0,0,1
367,CAFD,0,0,1,0,0
368,CAKE,0,0,0,0,1
369,CALA,1,0,0,0,0
370,CALI,0,0,0,0,1
371,CALL,0,0,0,0,1
372,CALM,0,0,0,0,1
373,CAMP,0,0,0,1,0
374,CAMT,0,0,1,0,0
375,CAPR,0,0,0,0,1
376,CAR,0,0,0,0,1
377,CARA,1,0,0,0,0
378,CARB,0,0,0,1,0
379,CARO,0,0,0,1,0
380,CARV,0,0,0,0,1
381,CARZ,0,0,1,0,0
382,CASH,0,1,0,0,0
383,CASI,0,0,1,0,0
384,CASM,0,0,0,0,1
385,CASS,0,0,0,0,1
386,CASY,0,0,1,0,0
387,CATB,0,0,0,0,1
388,CATC,0,0,0,1,0
389,CATH,0,0,1,0,0
390,CATM,0,0,0,1,0
391,CATS,0,1,0,0,0
392,CATY,0,0,0,0,1
393,CAVM,1,0,0,0,0
394,CBAK,0,0,0,0,1
395,CBAN,0,1,0,0,0
396,CBAY,0,0,1,0,0
397,CBIO,0,0,0,0,1
398,CBLI,1,0,0,0,0
399,CBMG,0,1,0,0,0
400,CBOE,0,1,0,0,0
401,CBPO,0,0,0,0,1
402,CBRL,0,0,1,0,0
403,CBSH,0,0,1,0,0
404,CBSHP,1,0,0,0,0
405,CCBG,0,0,0,0,1
406,CCCL,0,0,0,0,1
407,CCCR,0,0,0,0,1
408,CCD,1,0,0,0,0
409,CCIH,0,0,0,0,1
410,CCLP,0,0,1,0,0
411,CCMP,0,0,0,1,0
412,CCNE,0,0,0,0,1
413,CCOI,0,0,0,0,1
414,CCRC,0,0,0,0,1
415,CCRN,0,0,0,0,1
416,CCXI,0,0,0,0,1
417,CDC,1,0,0,0,0
418,CDK,0,0,1,0,0
419,CDL,1,0,0,0,0
420,CDMO,0,0,0,0,1
421,CDMOP,1,0,0,0,0
422,CDNA,0,0,0,0,1
423,CDNS,0,1,0,0,0
424,CDOR,0,0,0,0,1
425,CDTI,0,1,0,0,0
426,CDTX,0,0,1,0,0
427,CDW,0,0,1,0,0
428,CDXC,0,0,0,0,1
429,CDXS,1,0,0,0,0
430,CDZI,1,0,0,0,0
431,CECE,0,0,0,0,1
432,CECO,0,0,1,0,0
433,CELG,0,0,1,0,0
434,CELGZ,0,0,0,0,1
435,CELH,1,0,0,0,0
436,CEMI,0,0,0,0,1
437,CENT,0,1,0,0,0
438,CENTA,0,1,0,0,0
439,CENX,0,1,0,0,0
440,CERC,0,0,0,0,1
441,CERN,0,0,1,0,0
442,CERS,0,1,0,0,0
443,CETV,0,0,0,1,0
444,CETX,1,0,0,0,0
445,CEVA,0,0,0,0,1
446,CEZ,1,0,0,0,0
447,CFA,1,0,0,0,0
448,CFBK,1,0,0,0,0
449,CFFI,0,0,1,0,0
450,CFFN,0,1,0,0,0
451,CFMS,0,0,1,0,0
452,CFO,0,0,1,0,0
453,CFRX,0,0,0,0,1
454,CG,0,0,1,0,0
455,CGEN,0,0,0,0,1
456,CGIX,0,0,0,1,0
457,CGNX,0,1,0,0,0
458,CGO,0,1,0,0,0
459,CHCI,0,0,0,0,1
460,CHCO,0,0,0,0,1
461,CHDN,0,1,0,0,0
462,CHEF,0,0,0,0,1
463,CHEK,0,0,0,1,0
464,CHFC,0,0,0,0,1
465,CHFN,0,1,0,0,0
466,CHFS,0,0,0,1,0
467,CHI,1,0,0,0,0
468,CHKE,0,0,1,0,0
469,CHKP,0,0,1,0,0
470,CHMA,0,1,0,0,0
471,CHMG,0,1,0,0,0
472,CHNR,0,0,0,0,1
473,CHRS,0,0,1,0,0
474,CHRW,0,1,0,0,0
475,CHSCL,0,0,1,0,0
476,CHSCM,1,0,0,0,0
477,CHSCN,0,0,0,0,1
478,CHSCO,0,0,0,0,1
479,CHSCP,0,0,0,0,1
480,CHTR,0,0,1,0,0
481,CHUY,0,0,0,0,1
482,CHW,0,0,0,1,0
483,CHY,1,0,0,0,0
484,CIBR,1,0,0,0,0
485,CID,1,0,0,0,0
486,CIDM,0,0,0,0,1
487,CIGI,0,0,0,1,0
488,CIL,0,0,0,1,0
489,CINF,0,0,0,0,1
490,CIU,1,0,0,0,0
491,CIVB,0,0,0,0,1
492,CIVBP,0,1,0,0,0
493,CIZ,0,0,1,0,0
494,CIZN,1,0,0,0,0
495,CJJD,0,1,0,0,0
496,CKPT,0,0,0,1,0
497,CLAR,0,0,1,0,0
498,CLBS,0,0,0,0,1
499,CLCT,0,0,0,0,1
500,CLDC,0,1,0,0,0
501,CLDX,0,0,0,0,1
502,CLFD,0,0,0,0,1
503,CLIR,0,0,0,0,1
504,CLLS,1,0,0,0,0
505,CLMT,1,0,0,0,0
506,CLNE,0,0,0,0,1
507,CLRB,1,0,0,0,0
508,CLSN,0,0,0,0,1
509,CLUB,0,0,0,1,0
510,CLVS,0,1,0,0,0
511,CLWT,0,1,0,0,0
512,CMCO,0,0,0,0,1
513,CMCSA,0,0,1,0,0
514,CME,1,0,0,0,0
515,CMFN,0,0,1,0,0
516,CMPR,1,0,0,0,0
517,CMRX,0,0,0,0,1
518,CMTL,0,0,0,1,0
519,CNAT,0,0,0,0,1
520,CNBKA,1,0,0,0,0
521,CNCE,0,0,0,0,1
522,CNCR,0,0,1,0,0
523,CNET,0,0,0,0,1
524,CNFR,0,0,1,0,0
525,CNIT,1,0,0,0,0
526,CNMD,0,0,1,0,0
527,CNOB,0,0,1,0,0
528,CNSL,0,0,1,0,0
529,CNTF,0,0,0,0,1
530,CNTY,0,0,0,0,1
531,CNXN,0,0,0,0,1
532,COBZ,0,0,1,0,0
533,COCP,0,1,0,0,0
534,CODA,1,0,0,0,0
535,COGT,1,0,0,0,0
536,COHR,0,1,0,0,0
537,COHU,0,0,1,0,0
538,COKE,0,0,1,0,0
539,COLB,0,0,0,0,1
540,COLL,0,0,0,0,1
541,COLM,1,0,0,0,0
542,COMM,0,0,1,0,0
543,COMT,0,1,0,0,0
544,CONE,0,0,1,0,0
545,CONN,0,0,0,0,1
546,COOL,0,0,1,0,0
547,CORE,0,0,0,0,1
548,CORI,0,0,1,0,0
549,CORT,0,0,0,1,0
550,COST,0,1,0,0,0
551,COUP,0,0,0,1,0
552,COWN,0,0,0,0,1
553,CPAH,0,0,0,0,1
554,CPIX,0,0,0,0,1
555,CPLA,0,0,0,0,1
556,CPLP,1,0,0,0,0
557,CPRT,0,0,0,1,0
558,CPRX,0,0,1,0,0
559,CPSH,0,0,0,0,1
560,CPSI,0,0,0,0,1
561,CPSS,0,0,0,0,1
562,CPST,0,0,0,0,1
563,CPTA,0,0,0,1,0
564,CRAI,0,0,0,1,0
565,CRAY,0,0,0,0,1
566,CRBP,0,0,0,0,1
567,CRED,1,0,0,0,0
568,CREE,0,1,0,0,0
569,CREG,0,0,0,0,1
570,CRESY,0,0,1,0,0
571,CRIS,0,0,0,1,0
572,CRME,0,0,0,0,1
573,CRMT,0,1,0,0,0
574,CRNT,0,0,0,0,1
575,CROX,0,0,0,1,0
576,CRSP,0,0,0,0,1
577,CRTO,0,0,1,0,0
578,CRUS,1,0,0,0,0
579,CRVL,0,1,0,0,0
580,CRVS,0,0,0,0,1
581,CRWS,0,0,0,0,1
582,CRZO,0,0,0,1,0
583,CSA,0,1,0,0,0
584,CSB,0,1,0,0,0
585,CSBR,0,0,1,0,0
586,CSCO,0,0,0,1,0
587,CSF,1,0,0,0,0
588,CSFL,0,0,0,0,1
589,CSGP,0,0,1,0,0
590,CSGS,0,0,1,0,0
591,CSII,0,0,1,0,0
592,CSIQ,0,0,1,0,0
593,CSJ,1,0,0,0,0
594,CSOD,0,0,0,0,1
595,CSPI,0,0,0,0,1
596,CSQ,0,0,1,0,0
597,CSTE,1,0,0,0,0
598,CSWC,0,0,0,0,1
599,CSWI,0,0,1,0,0
600,CSX,1,0,0,0,0
601,CTAS,0,0,0,1,0
602,CTBI,0,0,0,0,1
603,CTG,0,0,0,1,0
604,CTHR,0,0,1,0,0
605,CTIB,0,0,0,0,1
606,CTIC,0,0,0,0,1
607,CTMX,0,0,0,1,0
608,CTRE,1,0,0,0,0
609,CTRL,0,1,0,0,0
610,CTRN,0,0,1,0,0
611,CTRP,0,0,1,0,0
612,CTRV,1,0,0,0,0
613,CTSH,0,1,0,0,0
614,CTSO,0,0,0,0,1
615,CTWS,0,0,0,0,1
616,CTXS,0,1,0,0,0
617,CUBA,0,0,0,0,1
618,CUI,0,0,0,1,0
619,CUR,0,0,0,1,0
620,CUTR,0,0,0,1,0
621,CVBF,0,0,0,0,1
622,CVCO,0,0,1,0,0
623,CVCY,0,0,0,0,1
624,CVGI,0,0,0,0,1
625,CVGW,0,0,0,1,0
626,CVLT,0,0,1,0,0
627,CVLY,0,0,0,0,1
628,CVTI,0,0,1,0,0
629,CVV,0,0,1,0,0
630,CWAY,0,0,0,1,0
631,CWBC,0,0,1,0,0
632,CWBR,0,0,1,0,0
633,CWCO,0,0,0,0,1
634,CWST,0,0,0,1,0
635,CXDC,0,1,0,0,0
636,CXRX,0,1,0,0,0
637,CXSE,0,0,0,1,0
638,CY,0,0,0,1,0
639,CYAD,0,1,0,0,0
640,CYAN,0,0,0,0,1
641,CYBE,0,1,0,0,0
642,CYBR,0,1,0,0,0
643,CYCC,0,1,0,0,0
644,CYCCP,0,1,0,0,0
645,CYOU,1,0,0,0,0
646,CYRN,0,0,0,0,1
647,CYRX,0,1,0,0,0
648,CYTK,0,0,0,0,1
649,CYTR,0,0,0,0,1
650,CYTX,1,0,0,0,0
651,CZFC,0,0,0,1,0
652,CZNC,0,0,0,0,1
653,CZR,1,0,0,0,0
654,CZWI,0,0,0,0,1
655,DAIO,0,1,0,0,0
656,DAKT,0,0,0,0,1
657,DARE,1,0,0,0,0
658,DAVE,0,0,0,0,1
659,DAX,0,0,1,0,0
660,DBVT,0,0,0,0,1
661,DCAR,1,0,0,0,0
662,DCIX,0,0,1,0,0
663,DCOM,0,0,0,0,1
664,DDBI,0,0,0,1,0
665,DELT,1,0,0,0,0
666,DENN,0,0,0,0,1
667,DEPO,0,0,0,1,0
668,DERM,1,0,0,0,0
669,DEST,0,1,0,0,0
670,DFBG,0,0,0,0,1
671,DFFN,1,0,0,0,0
672,DFRG,0,0,0,0,1
673,DFVL,1,0,0,0,0
674,DFVS,1,0,0,0,0
675,DGICA,0,0,0,0,1
676,DGICB,0,0,0,0,1
677,DGII,0,0,0,0,1
678,DGLD,0,1,0,0,0
679,DGLY,0,1,0,0,0
680,DGRE,0,0,0,1,0
681,DGRS,0,0,0,0,1
682,DGRW,1,0,0,0,0
683,DHIL,0,0,1,0,0
684,DHXM,0,0,0,0,1
685,DIOD,0,0,0,0,1
686,DISCA,0,0,0,0,1
687,DISCB,0,1,0,0,0
688,DISCK,0,0,0,0,1
689,DISH,0,0,0,1,0
690,DJCO,0,0,1,0,0
691,DLBL,0,1,0,0,0
692,DLBS,0,0,0,0,1
693,DLPN,0,0,0,1,0
694,DLTH,0,0,0,0,1
695,DLTR,1,0,0,0,0
696,DMLP,0,0,0,0,1
697,DMPI,0,0,1,0,0
698,DMRC,0,0,0,0,1
699,DNBF,0,1,0,0,0
700,DNKN,0,0,0,0,1
701,DORM,0,0,0,0,1
702,DOX,0,1,0,0,0
703,DRAD,0,0,0,1,0
704,DRNA,0,0,1,0,0
705,DRRX,0,0,0,0,1
706,DRYS,0,0,1,0,0
707,DSGX,1,0,0,0,0
708,DSKE,0,0,0,0,1
709,DSLV,0,0,0,0,1
710,DSPG,0,0,0,0,1
711,DSWL,0,0,0,1,0
712,DTEA,1,0,0,0,0
713,DTRM,0,0,1,0,0
714,DTUL,1,0,0,0,0
715,DTUS,0,1,0,0,0
716,DTYL,1,0,0,0,0
717,DTYS,0,0,1,0,0
718,DVAX,0,0,1,0,0
719,DVCR,0,0,0,0,1
720,DVY,1,0,0,0,0
721,DWAQ,0,0,0,1,0
722,DWAS,1,0,0,0,0
723,DWAT,0,0,1,0,0
724,DWCH,0,0,1,0,0
725,DWIN,0,0,0,1,0
726,DWSN,0,0,0,0,1
727,DWTR,0,0,1,0,0
728,DXCM,1,0,0,0,0
729,DXGE,0,1,0,0,0
730,DXJS,1,0,0,0,0
731,DXLG,0,1,0,0,0
732,DXPE,0,0,0,0,1
733,DYNT,0,0,0,0,1
734,DYSL,0,0,0,0,1
735,EA,0,0,0,1,0
736,EACQ,0,0,1,0,0
737,EARS,0,0,0,0,1
738,EAST,1,0,0,0,0
739,EBAY,1,0,0,0,0
740,EBAYL,1,0,0,0,0
741,EBIO,0,0,0,0,1
742,EBIX,0,0,1,0,0
743,EBMT,0,0,0,0,1
744,EBSB,0,0,0,0,1
745,EBTC,0,0,0,0,1
746,ECHO,0,0,1,0,0
747,ECOL,0,0,0,0,1
748,ECPG,0,0,1,0,0
749,ECYT,0,0,0,0,1
750,EDAP,0,1,0,0,0
751,EDBI,1,0,0,0,0
752,EDGE,0,0,0,0,1
753,EDGW,0,0,0,0,1
754,EDIT,0,0,0,0,1
755,EDUC,0,0,0,0,1
756,EEFT,0,0,1,0,0
757,EEI,0,0,0,0,1
758,EEMA,1,0,0,0,0
759,EFAS,0,0,0,1,0
760,EFII,0,0,0,0,1
761,EFOI,1,0,0,0,0
762,EFSC,0,0,1,0,0
763,EGAN,0,0,1,0,0
764,EGBN,0,0,0,0,1
765,EGHT,0,1,0,0,0
766,EGLE,0,0,0,0,1
767,EGLT,0,0,0,1,0
768,EGOV,0,0,0,1,0
769,EGRX,0,0,0,0,1
770,EHTH,0,0,0,0,1
771,EIGI,0,0,0,0,1
772,EIGR,0,0,0,0,1
773,EKSO,0,0,1,0,0
774,ELEC,0,0,1,0,0
775,ELGX,0,0,0,0,1
776,ELON,0,0,0,0,1
777,ELSE,0,1,0,0,0
778,ELTK,0,0,0,0,1
779,EMB,1,0,0,0,0
780,EMCB,1,0,0,0,0
781,EMCG,0,0,0,1,0
782,EMCI,0,0,0,0,1
783,EMIF,0,1,0,0,0
784,EMITF,0,0,0,0,1
785,EMKR,0,0,0,0,1
786,EML,0,1,0,0,0
787,EMMS,0,0,0,0,1
788,ENDP,0,0,1,0,0
789,ENFC,0,1,0,0,0
790,ENG,0,0,1,0,0
791,ENPH,0,0,1,0,0
792,ENSG,0,0,0,1,0
793,ENT,0,0,0,1,0
794,ENTA,0,0,0,1,0
795,ENTG,0,0,0,1,0
796,ENZL,0,0,1,0,0
797,EPAY,1,0,0,0,0
798,EPZM,0,0,0,0,1
799,EQBK,0,0,1,0,0
800,EQFN,0,1,0,0,0
801,EQIX,0,0,1,0,0
802,ERI,0,0,0,1,0
803,ERIC,0,0,0,0,1
804,ERIE,1,0,0,0,0
805,ERII,0,0,0,0,1
806,ESBK,0,0,0,0,1
807,ESCA,0,0,0,0,1
808,ESEA,0,0,0,0,1
809,ESES,0,1,0,0,0
810,ESGR,0,0,1,0,0
811,ESGU,0,0,1,0,0
812,ESIO,0,0,1,0,0
813,ESLT,0,1,0,0,0
814,ESND,0,0,1,0,0
815,ESPR,0,0,0,1,0
816,ESRX,0,1,0,0,0
817,ESSA,1,0,0,0,0
818,ESTR,0,0,0,0,1
819,ESXB,1,0,0,0,0
820,ETFC,0,0,1,0,0
821,ETSY,0,0,0,1,0
822,EUFN,1,0,0,0,0
823,EVEP,0,0,0,1,0
824,EVFM,0,0,0,0,1
825,EVGBC,0,0,1,0,0
826,EVGN,0,0,0,1,0
827,EVK,0,0,1,0,0
828,EVLMC,0,0,0,0,1
829,EVLV,0,1,0,0,0
830,EVOK,0,1,0,0,0
831,EVOL,0,1,0,0,0
832,EVSTC,1,0,0,0,0
833,EWBC,0,0,1,0,0
834,EWZS,0,1,0,0,0
835,EXAS,0,1,0,0,0
836,EXEL,1,0,0,0,0
837,EXFO,1,0,0,0,0
838,EXLS,0,0,1,0,0
839,EXPD,0,1,0,0,0
840,EXPE,0,0,1,0,0
841,EXPO,0,0,1,0,0
842,EXTR,0,0,0,1,0
843,EYEG,0,0,1,0,0
844,EYES,0,0,0,0,1
845,EZPW,0,0,0,0,1
846,FAAR,1,0,0,0,0
847,FAB,0,1,0,0,0
848,FAD,0,0,1,0,0
849,FANG,0,0,1,0,0
850,FANH,0,0,0,1,0
851,FARM,0,0,0,0,1
852,FARO,0,0,0,1,0
853,FAST,0,0,1,0,0
854,FATE,0,0,1,0,0
855,FB,0,0,1,0,0
856,FBIO,0,0,0,0,1
857,FBIZ,0,0,1,0,0
858,FBMS,0,0,1,0,0
859,FBNC,0,0,1,0,0
860,FBNK,1,0,0,0,0
861,FBSS,0,0,0,1,0
862,FBZ,1,0,0,0,0
863,FCA,0,0,0,1,0
864,FCAN,0,0,1,0,0
865,FCBC,0,0,0,0,1
866,FCCO,0,0,1,0,0
867,FCCY,0,0,0,0,1
868,FCEF,0,1,0,0,0
869,FCEL,0,0,0,0,1
870,FCFS,0,0,0,1,0
871,FCNCA,0,0,1,0,0
872,FCSC,0,1,0,0,0
873,FCVT,0,1,0,0,0
874,FDBC,0,0,0,1,0
875,FDEF,0,0,0,0,1
876,FDIV,1,0,0,0,0
877,FDT,0,0,0,1,0
878,FDTS,0,0,0,1,0
879,FDUS,1,0,0,0,0
880,FEIM,0,0,1,0,0
881,FELE,0,0,0,0,1
882,FEM,1,0,0,0,0
883,FEMB,1,0,0,0,0
884,FEMS,1,0,0,0,0
885,FEP,0,0,0,1,0
886,FEUZ,0,0,0,1,0
887,FEX,1,0,0,0,0
888,FEYE,0,0,1,0,0
889,FFBC,0,0,0,0,1
890,FFHL,1,0,0,0,0
891,FFIC,0,0,0,0,1
892,FFIN,0,0,0,0,1
893,FFIV,0,0,0,0,1
894,FFKT,0,0,0,0,1
895,FFNW,0,0,1,0,0
896,FFWM,0,0,1,0,0
897,FGBI,0,0,0,0,1
898,FGEN,1,0,0,0,0
899,FGM,0,0,0,1,0
900,FHK,0,0,0,1,0
901,FIBK,0,0,0,0,1
902,FINL,0,0,0,0,1
903,FISI,0,0,0,0,1
904,FISV,1,0,0,0,0
905,FITB,0,0,1,0,0
906,FITBI,1,0,0,0,0
907,FIVE,0,0,1,0,0
908,FIVN,0,0,1,0,0
909,FIZZ,0,0,1,0,0
910,FJP,1,0,0,0,0
911,FKO,1,0,0,0,0
912,FKU,0,0,1,0,0
913,FLAG,1,0,0,0,0
914,FLAT,0,1,0,0,0
915,FLDM,0,0,0,0,1
916,FLEX,0,0,1,0,0
917,FLGT,0,1,0,0,0
918,FLIC,0,0,0,0,1
919,FLIR,0,0,0,1,0
920,FLKS,0,0,0,0,1
921,FLL,0,0,1,0,0
922,FLN,0,0,1,0,0
923,FLWS,0,0,0,0,1
924,FLXN,0,0,0,0,1
925,FLXS,0,0,1,0,0
926,FMAO,0,0,0,1,0
927,FMB,1,0,0,0,0
928,FMBH,0,1,0,0,0
929,FMBI,0,0,0,0,1
930,FMI,0,0,0,1,0
931,FMK,1,0,0,0,0
932,FMNB,0,0,0,0,1
933,FNBG,0,0,0,1,0
934,FNCB,0,0,0,0,1
935,FNGN,0,0,1,0,0
936,FNHC,0,0,0,0,1
937,FNJN,0,1,0,0,0
938,FNK,0,1,0,0,0
939,FNLC,0,0,0,0,1
940,FNSR,0,0,1,0,0
941,FNWB,0,0,0,0,1
942,FNX,0,1,0,0,0
943,FNY,0,0,0,1,0
944,FOLD,0,0,0,1,0
945,FOMX,0,0,0,0,1
946,FONE,0,0,1,0,0
947,FONR,0,0,1,0,0
948,FORD,0,0,0,0,1
949,FORK,0,0,1,0,0
950,FORM,0,0,0,0,1
951,FORR,0,0,0,0,1
952,FORTY,0,0,0,0,1
953,FOSL,0,0,0,0,1
954,FOX,0,0,0,0,1
955,FOXA,0,1,0,0,0
956,FOXF,0,0,1,0,0
957,FPA,1,0,0,0,0
958,FPAY,1,0,0,0,0
959,FPRX,1,0,0,0,0
960,FPXI,0,0,0,1,0
961,FRAN,0,0,0,1,0
962,FRBA,1,0,0,0,0
963,FRBK,0,0,0,0,1
964,FRED,0,0,0,1,0
965,FRGI,0,0,0,0,1
966,FRME,0,0,1,0,0
967,FRPH,0,0,0,1,0
968,FRPT,0,1,0,0,0
969,FRSH,0,0,0,0,1
970,FRTA,0,0,0,0,1
971,FSBC,1,0,0,0,0
972,FSBW,0,0,0,1,0
973,FSFG,0,0,0,1,0
974,FSLR,0,0,1,0,0
975,FSNN,0,0,0,0,1
976,FSTR,0,1,0,0,0
977,FSV,0,1,0,0,0
978,FSZ,0,0,1,0,0
979,FTA,0,1,0,0,0
980,FTAG,0,0,1,0,0
981,FTC,0,0,1,0,0
982,FTCS,1,0,0,0,0
983,FTD,0,0,1,0,0
984,FTEK,0,0,0,0,1
985,FTEO,0,1,0,0,0
986,FTFT,0,0,0,0,1
987,FTGC,1,0,0,0,0
988,FTHI,1,0,0,0,0
989,FTLB,0,1,0,0,0
990,FTNT,0,0,0,1,0
991,FTR,0,0,0,1,0
992,FTRI,1,0,0,0,0
993,FTRPR,0,0,0,1,0
994,FTSL,1,0,0,0,0
995,FTSM,1,0,0,0,0
996,FTW,0,1,0,0,0
997,FTXD,0,0,0,0,1
998,FTXG,0,0,0,0,1
999,FTXL,0,0,0,1,0
1000,FTXO,0,0,1,0,0
1001,FULT,0,0,0,0,1
1002,FUNC,0,0,0,1,0
1003,FUND,0,0,1,0,0
1004,FV,1,0,0,0,0
1005,FVC,0,0,1,0,0
1006,FVE,0,1,0,0,0
1007,FWONA,0,0,0,0,1
1008,FWONK,0,0,0,0,1
1009,FWP,0,0,1,0,0
1010,FWRD,0,0,1,0,0
1011,FYC,1,0,0,0,0
1012,FYT,0,0,0,0,1
1013,FYX,0,0,1,0,0
1014,GABC,0,0,0,0,1
1015,GAIA,0,0,1,0,0
1016,GAIN,0,0,1,0,0
1017,GAINN,1,0,0,0,0
1018,GAINO,1,0,0,0,0
1019,GALT,0,0,1,0,0
1020,GARS,0,0,0,0,1
1021,GASS,0,0,0,0,1
1022,GBCI,0,0,0,0,1
1023,GBDC,0,0,1,0,0
1024,GBLI,0,0,0,0,1
1025,GBLIZ,1,0,0,0,0
1026,GBNK,0,0,0,0,1
1027,GBT,0,0,1,0,0
1028,GCBC,0,0,1,0,0
1029,GCVRZ,0,1,0,0,0
1030,GDEN,0,0,0,1,0
1031,GDS,0,0,1,0,0
1032,GEC,0,0,0,0,1
1033,GENC,0,0,0,0,1
1034,GENE,0,0,0,0,1
1035,GEOS,0,0,0,1,0
1036,GERN,0,0,0,0,1
1037,GEVO,0,0,0,1,0
1038,GFED,0,0,0,0,1
1039,GFN,1,0,0,0,0
1040,GFNCP,1,0,0,0,0
1041,GGAL,0,0,0,1,0
1042,GHDX,0,0,0,0,1
1043,GIFI,0,0,0,0,1
1044,GIGM,0,1,0,0,0
1045,GIII,0,0,0,0,1
1046,GILD,0,1,0,0,0
1047,GILT,1,0,0,0,0
1048,GLAD,0,0,0,0,1
1049,GLBS,0,1,0,0,0
1050,GLDD,0,0,0,0,1
1051,GLDI,0,0,0,0,1
1052,GLMD,0,1,0,0,0
1053,GLNG,0,1,0,0,0
1054,GLPG,0,0,1,0,0
1055,GLPI,0,1,0,0,0
1056,GLRE,0,0,0,1,0
1057,GLUU,0,0,0,1,0
1058,GLYC,0,0,0,0,1
1059,GMLP,0,0,1,0,0
1060,GNBC,0,0,1,0,0
1061,GNCA,0,0,1,0,0
1062,GNMA,1,0,0,0,0
1063,GNMK,0,0,0,1,0
1064,GNMX,0,0,0,0,1
1065,GNRX,0,0,0,1,0
1066,GNTX,0,0,1,0,0
1067,GNUS,0,0,0,0,1
1068,GOGL,0,1,0,0,0
1069,GOGO,0,0,0,0,1
1070,GOLD,1,0,0,0,0
1071,GOOD,1,0,0,0,0
1072,GOODM,0,1,0,0,0
1073,GOODO,0,1,0,0,0
1074,GOODP,0,0,1,0,0
1075,GOOG,0,1,0,0,0
1076,GOOGL,0,1,0,0,0
1077,GOV,0,0,1,0,0
1078,GOVNI,1,0,0,0,0
1079,GPIC,0,0,0,0,1
1080,GPOR,0,0,0,1,0
1081,GPP,0,0,0,0,1
1082,GPRE,0,0,0,0,1
1083,GPRO,0,1,0,0,0
1084,GRBK,0,0,0,0,1
1085,GRFS,0,1,0,0,0
1086,GRID,1,0,0,0,0
1087,GRIF,0,0,0,1,0
1088,GRMN,0,1,0,0,0
1089,GROW,1,0,0,0,0
1090,GRPN,0,0,0,0,1
1091,GRVY,1,0,0,0,0
1092,GSBC,0,0,0,0,1
1093,GSIT,0,0,0,0,1
1094,GSM,0,0,1,0,0
1095,GSVC,0,0,0,0,1
1096,GT,0,0,0,0,1
1097,GTIM,0,0,0,0,1
1098,GTLS,1,0,0,0,0
1099,GTXI,0,0,0,0,1
1100,GTYHU,0,0,0,0,1
1101,GULF,0,1,0,0,0
1102,GURE,0,0,0,1,0
1103,GWGH,0,0,0,0,1
1104,GWPH,1,0,0,0,0
1105,GWRS,0,0,0,0,1
1106,HA,0,1,0,0,0
1107,HABT,0,0,1,0,0
1108,HAFC,0,0,0,0,1
1109,HAIN,0,0,0,1,0
1110,HALL,0,0,0,0,1
1111,HALO,0,1,0,0,0
1112,HAS,0,0,1,0,0
1113,HAWK,0,1,0,0,0
1114,HAYN,0,0,0,0,1
1115,HBAN,0,0,1,0,0
1116,HBANO,1,0,0,0,0
1117,HBCP,0,0,0,0,1
1118,HBHC,1,0,0,0,0
1119,HBHCL,1,0,0,0,0
1120,HBIO,0,0,1,0,0
1121,HBK,0,0,0,0,1
1122,HBMD,0,0,1,0,0
1123,HBNC,0,0,0,0,1
1124,HBP,0,0,0,0,1
1125,HCAP,0,0,0,1,0
1126,HCCI,0,0,0,0,1
1127,HCKT,0,0,0,0,1
1128,HCM,0,0,1,0,0
1129,HCOM,0,0,0,0,1
1130,HCSG,0,1,0,0,0
1131,HDNG,0,0,1,0,0
1132,HDP,0,0,1,0,0
1133,HDS,0,0,0,0,1
1134,HDSN,1,0,0,0,0
1135,HEAR,0,0,0,0,1
1136,HEBT,0,0,0,1,0
1137,HEES,0,0,1,0,0
1138,HELE,0,0,1,0,0
1139,HEWG,0,1,0,0,0
1140,HFBL,0,0,0,0,1
1141,HFWA,0,0,0,0,1
1142,HGSH,0,0,0,0,1
1143,HIBB,0,0,0,0,1
1144,HIFS,0,0,1,0,0
1145,HIHO,0,0,1,0,0
1146,HIIQ,0,0,0,0,1
1147,HIMX,0,0,0,0,1
1148,HLG,0,0,0,1,0
1149,HLIT,0,0,0,0,1
1150,HMHC,0,1,0,0,0
1151,HMNF,0,0,1,0,0
1152,HMNY,0,0,0,0,1
1153,HMST,0,0,0,0,1
1154,HMSY,0,0,0,0,1
1155,HMTV,0,0,0,0,1
1156,HNNA,0,0,0,0,1
1157,HNRG,0,0,0,0,1
1158,HOFT,0,0,0,0,1
1159,HOLI,0,0,0,1,0
1160,HOLX,0,0,1,0,0
1161,HOMB,0,0,0,0,1
1162,HOPE,0,0,0,0,1
1163,HOVNP,0,0,0,0,1
1164,HPJ,0,0,0,0,1
1165,HPT,0,0,0,0,1
1166,HQCL,0,0,0,0,1
1167,HQY,1,0,0,0,0
1168,HRTX,0,0,0,1,0
1169,HRZN,0,0,0,0,1
1170,HSDT,0,0,0,0,1
1171,HSGX,0,0,1,0,0
1172,HSIC,0,0,1,0,0
1173,HSII,0,1,0,0,0
1174,HSKA,1,0,0,0,0
1175,HSON,0,0,0,0,1
1176,HSTM,0,0,0,0,1
1177,HTBI,0,0,0,0,1
1178,HTBK,1,0,0,0,0
1179,HTBX,0,0,0,1,0
1180,HTGM,0,0,0,0,1
1181,HTHT,0,0,0,1,0
1182,HTLD,0,0,1,0,0
1183,HTLF,0,0,0,0,1
1184,HUBG,0,1,0,0,0
1185,HURC,0,0,1,0,0
1186,HURN,0,0,0,0,1
1187,HWCC,0,0,0,0,1
1188,HWKN,0,1,0,0,0
1189,HYGS,0,1,0,0,0
1190,HYLS,1,0,0,0,0
1191,HYND,0,0,0,0,1
1192,HYZD,1,0,0,0,0
1193,HZNP,0,0,0,0,1
1194,IAC,0,0,0,1,0
1195,IART,0,0,1,0,0
1196,IBB,1,0,0,0,0
1197,IBCP,0,0,0,0,1
1198,IBKC,0,0,0,0,1
1199,IBKCO,0,0,0,0,1
1200,IBKR,0,0,0,1,0
1201,IBOC,0,0,0,0,1
1202,IBTX,0,0,1,0,0
1203,IBUY,0,0,0,1,0
1204,ICAD,0,1,0,0,0
1205,ICBK,0,0,0,0,1
1206,ICCC,0,0,0,0,1
1207,ICFI,0,0,1,0,0
1208,ICHR,0,1,0,0,0
1209,ICLN,0,1,0,0,0
1210,ICLR,1,0,0,0,0
1211,ICON,0,0,1,0,0
1212,ICPT,0,0,1,0,0
1213,ICUI,0,0,0,1,0
1214,IDCC,0,0,0,0,1
1215,IDLB,0,0,0,1,0
1216,IDRA,0,0,0,0,1
1217,IDSA,0,0,0,0,1
1218,IDSY,0,0,1,0,0
1219,IDTI,0,0,0,0,1
1220,IDXG,0,1,0,0,0
1221,IDXX,0,0,0,1,0
1222,IEF,1,0,0,0,0
1223,IEI,1,0,0,0,0
1224,IEP,0,0,0,0,1
1225,IESC,0,0,0,0,1
1226,IEUS,0,0,0,1,0
1227,IFEU,0,0,0,1,0
1228,IFGL,0,0,1,0,0
1229,IFON,1,0,0,0,0
1230,IFV,0,0,0,1,0
1231,IGF,1,0,0,0,0
1232,IGLD,1,0,0,0,0
1233,IGOV,1,0,0,0,0
1234,III,0,0,0,0,1
1235,IIIN,0,0,1,0,0
1236,IIJI,0,1,0,0,0
1237,IIN,0,0,0,1,0
1238,IIVI,0,1,0,0,0
1239,IJT,1,0,0,0,0
1240,IKNX,0,0,0,0,1
1241,ILG,1,0,0,0,0
1242,ILMN,1,0,0,0,0
1243,IMDZ,1,0,0,0,0
1244,IMGN,0,0,0,1,0
1245,IMI,1,0,0,0,0
1246,IMKTA,0,0,0,0,1
1247,IMMP,0,0,0,0,1
1248,IMMR,0,0,0,0,1
1249,IMMU,0,0,1,0,0
1250,IMMY,0,0,0,0,1
1251,IMOS,0,0,0,0,1
1252,IMPV,0,0,1,0,0
1253,INAP,0,0,0,0,1
1254,INBK,0,0,0,0,1
1255,INCY,1,0,0,0,0
1256,INDB,0,0,0,0,1
1257,INDY,0,0,0,1,0
1258,INFI,0,0,0,0,1
1259,INFN,0,0,0,0,1
1260,INFO,1,0,0,0,0
1261,INFR,0,1,0,0,0
1262,INGN,0,0,0,1,0
1263,INO,0,0,0,0,1
1264,INOD,0,1,0,0,0
1265,INOV,0,1,0,0,0
1266,INPX,0,0,0,1,0
1267,INSE,0,0,1,0,0
1268,INSG,0,0,0,0,1
1269,INSM,0,0,0,0,1
1270,INSY,1,0,0,0,0
1271,INTC,0,0,1,0,0
1272,INTL,0,0,0,0,1
1273,INTU,0,1,0,0,0
1274,INTX,0,0,0,1,0
1275,INVA,0,1,0,0,0
1276,INVE,0,1,0,0,0
1277,INWK,0,0,0,0,1
1278,IONS,0,0,0,0,1
1279,IOSP,0,0,1,0,0
1280,IOTS,1,0,0,0,0
1281,IOVA,0,0,0,0,1
1282,IPAR,0,0,0,1,0
1283,IPAS,0,0,0,1,0
1284,IPCC,1,0,0,0,0
1285,IPCI,0,0,0,1,0
1286,IPDN,0,1,0,0,0
1287,IPGP,0,0,0,1,0
1288,IPHS,0,0,1,0,0
1289,IPKW,0,0,0,1,0
1290,IPWR,0,0,0,0,1
1291,IPXL,0,0,0,0,1
1292,IRBT,0,1,0,0,0
1293,IRCP,1,0,0,0,0
1294,IRDM,0,0,0,0,1
1295,IRDMB,0,1,0,0,0
1296,IRIX,1,0,0,0,0
1297,IRMD,0,0,0,0,1
1298,IRTC,0,0,0,1,0
1299,IRWD,0,0,0,0,1
1300,ISBC,0,0,0,0,1
1301,ISCA,0,0,0,0,1
1302,ISHG,1,0,0,0,0
1303,ISIG,0,0,0,0,1
1304,ISNS,0,0,0,0,1
1305,ISRG,0,0,0,1,0
1306,ISRL,0,0,1,0,0
1307,ISSC,0,0,0,0,1
1308,ISTB,0,0,1,0,0
1309,ISTR,1,0,0,0,0
1310,ITCI,0,0,0,0,1
1311,ITI,0,0,1,0,0
1312,ITIC,0,0,0,0,1
1313,ITRI,0,1,0,0,0
1314,ITRN,0,1,0,0,0
1315,ITUS,0,0,0,0,1
1316,IUSB,1,0,0,0,0
1317,IUSG,1,0,0,0,0
1318,IUSV,1,0,0,0,0
1319,IVAC,1,0,0,0,0
1320,IVTY,1,0,0,0,0
1321,IXUS,0,0,0,1,0
1322,IZEA,1,0,0,0,0
1323,JACK,0,0,1,0,0
1324,JAGX,0,1,0,0,0
1325,JAKK,0,0,0,1,0
1326,JASN,0,0,0,0,1
1327,JASO,1,0,0,0,0
1328,JAZZ,0,0,1,0,0
1329,JBHT,0,0,1,0,0
1330,JBLU,0,0,0,0,1
1331,JBSS,0,0,0,0,1
1332,JCOM,0,0,1,0,0
1333,JCTCF,0,0,0,0,1
1334,JD,1,0,0,0,0
1335,JJSF,0,0,1,0,0
1336,JKHY,0,0,1,0,0
1337,JKI,1,0,0,0,0
1338,JMBA,0,0,0,0,1
1339,JMU,0,0,0,1,0
1340,JNP,0,0,1,0,0
1341,JOBS,0,0,0,1,0
1342,JOUT,1,0,0,0,0
1343,JRJC,0,0,0,0,1
1344,JRVR,0,0,1,0,0
1345,JSM,0,0,0,0,1
1346,JSMD,0,0,0,1,0
1347,JSML,0,0,1,0,0
1348,JSYNU,0,1,0,0,0
1349,JTPY,0,0,0,0,1
1350,JVA,0,0,0,0,1
1351,JXSB,0,1,0,0,0
1352,JYNT,1,0,0,0,0
1353,KALU,0,1,0,0,0
1354,KALV,0,0,0,0,1
1355,KANG,0,0,0,0,1
1356,KBAL,0,0,0,0,1
1357,KBSF,0,0,0,0,1
1358,KBWB,0,0,1,0,0
1359,KBWD,0,0,0,0,1
1360,KBWP,1,0,0,0,0
1361,KBWR,0,0,1,0,0
1362,KBWY,0,0,0,1,0
1363,KCAP,0,0,0,0,1
1364,KE,0,0,0,0,1
1365,KELYA,0,0,1,0,0
1366,KEQU,1,0,0,0,0
1367,KERX,0,0,0,0,1
1368,KEYW,0,1,0,0,0
1369,KFFB,0,0,0,0,1
1370,KFRC,0,0,0,0,1
1371,KGJI,0,0,0,0,1
1372,KHC,0,0,1,0,0
1373,KIN,1,0,0,0,0
1374,KINS,0,0,0,0,1
1375,KIRK,0,0,0,0,1
1376,KLAC,1,0,0,0,0
1377,KLIC,0,0,0,1,0
1378,KLXI,0,1,0,0,0
1379,KMDA,0,0,0,0,1
1380,KMPH,0,0,0,0,1
1381,KNDI,0,0,0,0,1
1382,KONA,0,0,0,1,0
1383,KONE,0,0,0,0,1
1384,KOOL,0,0,1,0,0
1385,KOPN,0,0,0,0,1
1386,KOSS,0,0,0,0,1
1387,KPTI,0,0,0,0,1
1388,KRNT,0,0,1,0,0
1389,KRNY,0,0,0,0,1
1390,KTOS,0,0,0,0,1
1391,KTOV,0,0,0,0,1
1392,KTWO,0,0,0,0,1
1393,KURA,0,1,0,0,0
1394,KVHI,0,0,0,0,1
1395,KWEB,0,0,0,1,0
1396,KZIA,0,0,0,0,1
1397,LABL,0,1,0,0,0
1398,LAKE,0,1,0,0,0
1399,LALT,0,1,0,0,0
1400,LAMR,1,0,0,0,0
1401,LANC,0,0,1,0,0
1402,LAND,0,0,1,0,0
1403,LARK,0,0,0,0,1
1404,LAWS,0,0,0,0,1
1405,LAYN,0,0,0,0,1
1406,LBAI,0,0,0,0,1
1407,LBC,0,0,0,0,1
1408,LBIX,0,0,1,0,0
1409,LBRDA,0,1,0,0,0
1410,LBRDK,0,1,0,0,0
1411,LBTYA,0,0,1,0,0
1412,LBTYK,0,0,0,0,1
1413,LCAHU,1,0,0,0,0
1414,LCNB,0,0,0,0,1
1415,LCUT,1,0,0,0,0
1416,LDRI,1,0,0,0,0
1417,LE,0,0,0,0,1
1418,LECO,1,0,0,0,0
1419,LEDS,0,0,0,0,1
1420,LENS,0,1,0,0,0
1421,LFUS,0,0,1,0,0
1422,LFVN,0,0,0,0,1
1423,LGCY,0,0,0,0,1
1424,LGCYO,0,0,0,0,1
1425,LGCYP,0,0,0,0,1
1426,LGIH,0,0,0,1,0
1427,LGND,1,0,0,0,0
1428,LHCG,0,0,0,1,0
1429,LIFE,0,0,0,0,1
1430,LILA,0,1,0,0,0
1431,LILAK,1,0,0,0,0
1432,LINC,0,1,0,0,0
1433,LIND,0,0,0,0,1
1434,LINU,0,0,0,0,1
1435,LION,0,0,0,0,1
1436,LITE,0,0,1,0,0
1437,LIVE,0,1,0,0,0
1438,LIVN,0,0,0,1,0
1439,LJPC,0,0,0,0,1
1440,LKFN,0,0,0,0,1
1441,LKOR,0,1,0,0,0
1442,LKQ,0,1,0,0,0
1443,LLEX,0,0,0,0,1
1444,LLIT,0,0,0,0,1
1445,LLNW,0,1,0,0,0
1446,LMAT,0,0,1,0,0
1447,LMB,0,0,0,0,1
1448,LMBS,1,0,0,0,0
1449,LMFA,0,0,0,1,0
1450,LMNR,0,0,0,0,1
1451,LMNX,0,0,0,0,1
1452,LMRK,1,0,0,0,0
1453,LMRKP,0,1,0,0,0
1454,LNDC,0,0,0,0,1
1455,LNGR,0,0,0,1,0
1456,LOAN,0,0,0,0,1
1457,LOB,0,0,1,0,0
1458,LOCO,0,0,0,0,1
1459,LOGI,1,0,0,0,0
1460,LOGM,0,0,1,0,0
1461,LONE,0,0,0,0,1
1462,LOPE,0,0,0,1,0
1463,LORL,0,0,0,0,1
1464,LOXO,0,0,0,1,0
1465,LPCN,1,0,0,0,0
1466,LPLA,0,1,0,0,0
1467,LPNT,0,0,1,0,0
1468,LPSN,0,0,1,0,0
1469,LPTH,0,0,0,0,1
1470,LQDT,0,1,0,0,0
1471,LRAD,0,0,0,0,1
1472,LRCX,0,0,0,1,0
1473,LSBK,0,0,0,0,1
1474,LSCC,0,1,0,0,0
1475,LSTR,0,0,1,0,0
1476,LSXMA,1,0,0,0,0
1477,LSXMK,1,0,0,0,0
1478,LTBR,0,0,0,0,1
1479,LTRPA,0,0,1,0,0
1480,LTRPB,0,1,0,0,0
1481,LTRX,0,0,0,0,1
1482,LTXB,0,0,0,0,1
1483,LULU,1,0,0,0,0
1484,LUNA,0,0,0,0,1
1485,LVHD,1,0,0,0,0
1486,LWAY,0,0,0,1,0
1487,LXRX,0,0,1,0,0
1488,LYTS,0,0,0,0,1
1489,MACK,0,1,0,0,0
1490,MACQ,0,1,0,0,0
1491,MAGS,0,0,1,0,0
1492,MAMS,0,0,0,0,1
1493,MANH,0,0,0,0,1
1494,MANT,0,0,1,0,0
1495,MAR,0,0,0,1,0
1496,MARA,0,1,0,0,0
1497,MARK,0,0,0,0,1
1498,MARPS,0,0,0,0,1
1499,MASI,0,0,1,0,0
1500,MAT,0,0,0,1,0
1501,MATR,0,1,0,0,0
1502,MATW,0,0,0,1,0
1503,MB,0,1,0,0,0
1504,MBB,1,0,0,0,0
1505,MBCN,0,0,0,1,0
1506,MBFI,0,0,0,0,1
1507,MBII,0,0,0,0,1
1508,MBOT,0,0,1,0,0
1509,MBSD,0,0,1,0,0
1510,MBTF,0,0,0,0,1
1511,MBUU,0,0,0,1,0
1512,MBVX,0,0,0,1,0
1513,MBWM,0,0,0,0,1
1514,MCBC,0,0,0,0,1
1515,MCEF,0,1,0,0,0
1516,MCEP,0,0,0,1,0
1517,MCFT,0,0,0,1,0
1518,MCHI,0,0,0,1,0
1519,MCHP,0,0,1,0,0
1520,MCHX,0,0,0,0,1
1521,MCRI,0,0,0,1,0
1522,MDCA,0,0,0,0,1
1523,MDCO,1,0,0,0,0
1524,MDGL,1,0,0,0,0
1525,MDGS,1,0,0,0,0
1526,MDIV,0,0,0,1,0
1527,MDLZ,0,0,0,0,1
1528,MDRX,0,0,1,0,0
1529,MDSO,0,0,1,0,0
1530,MDWD,0,0,0,0,1
1531,MDXG,0,0,0,0,1
1532,MEET,1,0,0,0,0
1533,MEIP,0,0,0,0,1
1534,MELI,0,0,1,0,0
1535,MEOH,0,0,1,0,0
1536,MERC,0,0,0,0,1
1537,MESO,0,1,0,0,0
1538,MFIN,0,0,0,0,1
1539,MFINL,0,0,1,0,0
1540,MFNC,1,0,0,0,0
1541,MFSF,0,1,0,0,0
1542,MGEE,1,0,0,0,0
1543,MGEN,0,1,0,0,0
1544,MGI,0,0,0,1,0
1545,MGIC,0,1,0,0,0
1546,MGLN,0,1,0,0,0
1547,MGNX,0,0,0,0,1
1548,MGPI,0,0,1,0,0
1549,MGRC,0,0,0,1,0
1550,MGYR,0,1,0,0,0
1551,MHLD,0,0,0,1,0
1552,MICT,0,0,0,0,1
1553,MIDD,0,0,1,0,0
1554,MIK,0,0,0,0,1
1555,MILN,0,0,1,0,0
1556,MIME,0,1,0,0,0
1557,MIND,0,0,1,0,0
1558,MINI,0,0,1,0,0
1559,MITK,0,0,0,0,1
1560,MITL,0,0,0,0,1
1561,MKSI,1,0,0,0,0
1562,MKTX,0,0,1,0,0
1563,MLAB,1,0,0,0,0
1564,MLCO,0,0,0,1,0
1565,MLHR,0,0,0,0,1
1566,MLNT,1,0,0,0,0
1567,MLNX,0,1,0,0,0
1568,MLVF,0,0,0,0,1
1569,MMLP,1,0,0,0,0
1570,MMSI,0,0,0,1,0
1571,MMYT,0,1,0,0,0
1572,MNDO,0,0,1,0,0
1573,MNGA,0,0,0,1,0
1574,MNKD,0,0,0,0,1
1575,MNOV,0,0,0,0,1
1576,MNRO,0,0,0,0,1
1577,MNST,0,0,0,0,1
1578,MNTA,0,0,0,0,1
1579,MNTX,0,0,1,0,0
1580,MOBL,0,0,0,0,1
1581,MOFG,0,0,0,0,1
1582,MOMO,0,1,0,0,0
1583,MORN,1,0,0,0,0
1584,MOSY,0,0,0,0,1
1585,MOXC,0,0,0,0,1
1586,MPAA,0,0,0,0,1
1587,MPB,1,0,0,0,0
1588,MPCT,0,0,0,1,0
1589,MPVD,0,0,0,1,0
1590,MPWR,0,0,0,1,0
1591,MRAM,1,0,0,0,0
1592,MRCC,1,0,0,0,0
1593,MRCY,0,0,1,0,0
1594,MRLN,0,0,1,0,0
1595,MRNS,0,0,0,1,0
1596,MRTN,1,0,0,0,0
1597,MRTX,0,0,0,0,1
1598,MRUS,0,0,0,0,1
1599,MRVL,0,0,1,0,0
1600,MSBF,1,0,0,0,0
1601,MSBI,0,0,0,0,1
1602,MSCC,0,0,1,0,0
1603,MSEX,0,0,0,0,1
1604,MSFT,0,0,0,1,0
1605,MSG,1,0,0,0,0
1606,MSON,0,0,0,0,1
1607,MSTR,1,0,0,0,0
1608,MTBC,0,0,0,0,1
1609,MTBCP,0,0,0,0,1
1610,MTCH,0,0,0,1,0
1611,MTEM,0,0,0,0,1
1612,MTEX,0,0,0,0,1
1613,MTFB,0,0,0,0,1
1614,MTGE,0,0,1,0,0
1615,MTGEP,1,0,0,0,0
1616,MTLS,1,0,0,0,0
1617,MTP,0,0,0,1,0
1618,MTRX,0,0,0,0,1
1619,MTSC,0,1,0,0,0
1620,MTSI,0,0,0,0,1
1621,MTSL,0,0,0,0,1
1622,MU,0,0,0,1,0
1623,MVBF,0,0,1,0,0
1624,MVIS,0,1,0,0,0
1625,MXIM,0,0,1,0,0
1626,MXWL,0,0,0,0,1
1627,MYGN,0,0,1,0,0
1628,MYL,0,0,0,0,1
1629,MYND,0,0,1,0,0
1630,MYOK,0,0,0,1,0
1631,MYOS,1,0,0,0,0
1632,MYRG,0,0,0,0,1
1633,MYSZ,0,0,0,0,1
1634,MZOR,0,0,0,1,0
1635,NAII,0,0,0,0,1
1636,NAKD,0,0,0,0,1
1637,NANO,0,0,0,0,1
1638,NAOV,0,0,0,0,1
1639,NATH,0,0,0,0,1
1640,NATI,0,0,0,1,0
1641,NATR,0,0,0,0,1
1642,NAUH,0,0,0,0,1
1643,NAVG,0,0,0,0,1
1644,NAVI,0,0,0,0,1
1645,NBIX,0,0,0,1,0
1646,NBN,0,0,0,1,0
1647,NBRV,0,1,0,0,0
1648,NBTB,0,0,0,0,1
1649,NCBS,0,0,1,0,0
1650,NCLH,1,0,0,0,0
1651,NCMI,0,0,0,1,0
1652,NCOM,1,0,0,0,0
1653,NCTY,0,1,0,0,0
1654,NDAQ,1,0,0,0,0
1655,NDLS,0,0,1,0,0
1656,NDSN,0,1,0,0,0
1657,NEO,0,0,0,0,1
1658,NEOG,0,0,0,1,0
1659,NEON,0,0,1,0,0
1660,NEOS,0,0,0,0,1
1661,NEPT,0,0,1,0,0
1662,NERV,0,0,0,0,1
1663,NETE,0,0,0,0,1
1664,NEWT,0,0,0,0,1
1665,NEWTZ,1,0,0,0,0
1666,NEXT,0,0,0,0,1
1667,NFBK,0,0,0,0,1
1668,NFEC,0,0,0,0,1
1669,NFLX,0,0,0,1,0
1670,NGHC,0,0,0,0,1
1671,NGHCO,0,0,0,0,1
1672,NGHCP,0,0,0,0,1
1673,NGHCZ,0,0,0,0,1
1674,NHLD,0,0,0,0,1
1675,NHTC,0,0,0,0,1
1676,NICE,1,0,0,0,0
1677,NICK,0,0,0,0,1
1678,NIHD,0,0,0,0,1
1679,NK,0,0,0,0,1
1680,NKSH,0,0,0,0,1
1681,NKTR,0,0,0,1,0
1682,NLNK,0,1,0,0,0
1683,NLST,0,0,0,1,0
1684,NMIH,0,1,0,0,0
1685,NMRD,1,0,0,0,0
1686,NNBR,1,0,0,0,0
1687,NNDM,0,0,1,0,0
1688,NOVT,0,0,0,1,0
1689,NRCIA,0,0,1,0,0
1690,NRCIB,1,0,0,0,0
1691,NRIM,0,0,0,0,1
1692,NSEC,0,0,0,0,1
1693,NSIT,0,0,0,0,1
1694,NSSC,0,0,0,0,1
1695,NSTG,0,0,1,0,0
1696,NSYS,1,0,0,0,0
1697,NTAP,0,0,1,0,0
1698,NTCT,0,0,0,0,1
1699,NTEC,0,0,0,0,1
1700,NTES,0,0,1,0,0
1701,NTGR,0,0,0,0,1
1702,NTIC,0,0,0,0,1
1703,NTLA,0,1,0,0,0
1704,NTNX,0,0,0,0,1
1705,NTRA,0,0,0,0,1
1706,NTRI,1,0,0,0,0
1707,NTRS,0,0,1,0,0
1708,NTRSP,1,0,0,0,0
1709,NTWK,0,0,0,0,1
1710,NUAN,0,1,0,0,0
1711,NURO,0,0,0,0,1
1712,NUVA,0,0,0,0,1
1713,NVAX,0,0,0,0,1
1714,NVCN,0,0,0,1,0
1715,NVCR,0,0,0,1,0
1716,NVDA,0,0,0,1,0
1717,NVEC,0,0,1,0,0
1718,NVEE,0,0,1,0,0
1719,NVFY,0,0,0,0,1
1720,NVIV,0,0,0,1,0
1721,NVLN,0,0,0,1,0
1722,NVMI,0,0,0,1,0
1723,NVTR,1,0,0,0,0
1724,NVUS,0,0,0,0,1
1725,NWBI,0,0,0,0,1
1726,NWFL,1,0,0,0,0
1727,NWLI,0,0,1,0,0
1728,NWPX,0,0,0,0,1
1729,NWS,0,0,1,0,0
1730,NWSA,0,0,0,1,0
1731,NXEO,0,0,0,0,1
1732,NXEOU,0,1,0,0,0
1733,NXPI,1,0,0,0,0
1734,NXST,0,1,0,0,0
1735,NXTD,0,0,0,0,1
1736,NXTM,0,0,0,0,1
1737,NYMT,0,0,0,0,1
1738,NYMTP,1,0,0,0,0
1739,NYMX,0,0,0,0,1
1740,NYNY,0,0,0,0,1
1741,OASM,0,0,0,0,1
1742,OBAS,0,0,0,0,1
1743,OBCI,1,0,0,0,0
1744,OBLN,0,0,1,0,0
1745,OCC,0,0,0,0,1
1746,OCFC,0,0,0,0,1
1747,OCLR,1,0,0,0,0
1748,OCSI,0,0,1,0,0
1749,OCSL,0,0,1,0,0
1750,OCSLL,1,0,0,0,0
1751,OCUL,0,0,0,0,1
1752,ODFL,0,0,1,0,0
1753,ODP,0,0,1,0,0
1754,OESX,0,0,0,1,0
1755,OFED,0,0,0,0,1
1756,OFIX,1,0,0,0,0
1757,OFLX,0,0,0,0,1
1758,OFS,1,0,0,0,0
1759,OHAI,0,0,0,0,1
1760,OHGI,0,0,0,0,1
1761,OHRP,1,0,0,0,0
1762,OIIM,0,0,1,0,0
1763,OLBK,0,0,1,0,0
1764,OLED,1,0,0,0,0
1765,OLLI,0,0,0,1,0
1766,OMAB,1,0,0,0,0
1767,OMCL,1,0,0,0,0
1768,OMED,0,0,0,0,1
1769,OMER,1,0,0,0,0
1770,OMEX,0,0,1,0,0
1771,OMNT,0,0,1,0,0
1772,ON,0,0,0,1,0
1773,ONB,0,0,0,0,1
1774,ONCE,1,0,0,0,0
1775,ONCS,0,0,0,0,1
1776,ONEQ,1,0,0,0,0
1777,ONTX,1,0,0,0,0
1778,ONVO,0,0,1,0,0
1779,OPB,0,0,0,0,1
1780,OPGN,1,0,0,0,0
1781,OPHC,0,0,0,0,1
1782,OPHT,0,0,0,0,1
1783,OPK,0,0,0,1,0
1784,OPNT,0,0,0,0,1
1785,OPOF,1,0,0,0,0
1786,OPTT,0,1,0,0,0
1787,ORBC,0,0,0,0,1
1788,ORBK,0,1,0,0,0
1789,ORGS,0,0,0,0,1
1790,ORIG,0,0,1,0,0
1791,ORIT,0,1,0,0,0
1792,ORLY,0,1,0,0,0
1793,ORMP,0,0,0,0,1
1794,ORPN,1,0,0,0,0
1795,ORRF,0,0,0,0,1
1796,OSBC,0,0,0,0,1
1797,OSBCP,1,0,0,0,0
1798,OSIS,0,0,0,0,1
1799,OSN,0,0,0,0,1
1800,OSTK,0,1,0,0,0
1801,OSUR,0,0,0,1,0
1802,OTEL,1,0,0,0,0
1803,OTEX,0,0,1,0,0
1804,OTIC,0,0,0,0,1
1805,OTIV,0,0,0,0,1
1806,OTTR,0,0,0,0,1
1807,OVAS,0,1,0,0,0
1808,OVBC,0,0,0,1,0
1809,OVLY,0,0,1,0,0
1810,OXBR,0,0,0,1,0
1811,OXFD,0,0,0,0,1
1812,OXLC,0,0,0,0,1
1813,OXLCO,1,0,0,0,0
1814,OZRK,0,0,1,0,0
1815,PAAS,0,0,1,0,0
1816,PACB,0,0,1,0,0
1817,PACW,0,0,0,0,1
1818,PAGG,0,0,0,0,1
1819,PAHC,1,0,0,0,0
1820,PATK,0,0,0,0,1
1821,PAYX,0,0,0,0,1
1822,PBCT,0,0,0,0,1
1823,PBCTP,0,0,1,0,0
1824,PBIB,0,0,0,0,1
1825,PBIP,0,0,0,0,1
1826,PBPB,0,0,0,0,1
1827,PBYI,0,0,0,0,1
1828,PCAR,0,1,0,0,0
1829,PCH,0,0,1,0,0
1830,PCMI,0,0,0,0,1
1831,PCOM,0,0,0,0,1
1832,PCRX,0,0,1,0,0
1833,PCTI,0,0,1,0,0
1834,PCTY,0,0,0,1,0
1835,PCYG,1,0,0,0,0
1836,PCYO,0,0,0,1,0
1837,PDBC,0,1,0,0,0
1838,PDCE,0,1,0,0,0
1839,PDCO,1,0,0,0,0
1840,PDEX,0,0,0,0,1
1841,PDFS,1,0,0,0,0
1842,PDLI,0,0,1,0,0
1843,PDP,0,0,0,1,0
1844,PEBK,0,1,0,0,0
1845,PEBO,0,0,0,0,1
1846,PEGA,0,0,0,1,0
1847,PEGI,0,1,0,0,0
1848,PEIX,0,0,1,0,0
1849,PENN,0,0,0,1,0
1850,PEP,1,0,0,0,0
1851,PERI,0,0,0,1,0
1852,PERY,0,0,0,0,1
1853,PESI,0,0,0,0,1
1854,PETS,0,1,0,0,0
1855,PETX,0,0,0,0,1
1856,PEY,0,1,0,0,0
1857,PEZ,1,0,0,0,0
1858,PFBC,0,0,1,0,0
1859,PFBI,0,0,0,0,1
1860,PFF,0,0,1,0,0
1861,PFG,0,0,1,0,0
1862,PFI,0,0,1,0,0
1863,PFIE,0,0,1,0,0
1864,PFIN,1,0,0,0,0
1865,PFIS,0,0,0,0,1
1866,PFLT,0,0,0,0,1
1867,PFM,1,0,0,0,0
1868,PFMT,0,0,0,0,1
1869,PFPT,0,0,1,0,0
1870,PFSW,0,0,0,0,1
1871,PGC,1,0,0,0,0
1872,PGJ,0,0,0,1,0
1873,PGLC,0,1,0,0,0
1874,PGNX,0,0,0,0,1
1875,PGTI,0,1,0,0,0
1876,PHII,0,0,0,0,1
1877,PHIIK,0,0,0,1,0
1878,PHO,1,0,0,0,0
1879,PI,1,0,0,0,0
1880,PICO,0,0,0,0,1
1881,PID,1,0,0,0,0
1882,PIE,0,0,0,1,0
1883,PIH,0,0,0,0,1
1884,PINC,0,0,1,0,0
1885,PIO,0,0,0,1,0
1886,PIRS,0,0,0,1,0
1887,PIZ,0,0,0,1,0
1888,PKBK,0,0,1,0,0
1889,PKOH,1,0,0,0,0
1890,PKW,0,1,0,0,0
1891,PLAB,0,1,0,0,0
1892,PLAY,1,0,0,0,0
1893,PLBC,0,0,0,1,0
1894,PLCE,1,0,0,0,0
1895,PLPC,0,1,0,0,0
1896,PLUG,0,0,0,0,1
1897,PLUS,1,0,0,0,0
1898,PLW,1,0,0,0,0
1899,PLXP,1,0,0,0,0
1900,PLXS,0,0,1,0,0
1901,PLYA,0,0,0,0,1
1902,PMBC,0,0,0,0,1
1903,PMD,0,0,0,0,1
1904,PME,0,0,1,0,0
1905,PMTS,0,0,0,1,0
1906,PNBK,0,0,0,1,0
1907,PNFP,0,0,0,0,1
1908,PNK,0,0,0,1,0
1909,PNNT,0,0,0,0,1
1910,PNQI,0,0,1,0,0
1911,PNRG,0,1,0,0,0
1912,PNTR,1,0,0,0,0
1913,PODD,0,0,1,0,0
1914,POLA,0,0,0,0,1
1915,POOL,1,0,0,0,0
1916,POPE,0,0,1,0,0
1917,POWI,0,0,0,0,1
1918,POWL,1,0,0,0,0
1919,PPBI,1,0,0,0,0
1920,PPC,0,1,0,0,0
1921,PPH,0,0,1,0,0
1922,PPIH,1,0,0,0,0
1923,PRAA,0,0,0,0,1
1924,PRAH,0,0,0,1,0
1925,PRAN,0,1,0,0,0
1926,PRCP,0,0,0,0,1
1927,PRFT,1,0,0,0,0
1928,PRFZ,0,0,1,0,0
1929,PRGS,0,1,0,0,0
1930,PRGX,0,0,1,0,0
1931,PRIM,0,0,0,0,1
1932,PRKR,1,0,0,0,0
1933,PRMW,0,0,0,0,1
1934,PRN,1,0,0,0,0
1935,PROV,0,0,0,0,1
1936,PRPH,0,0,0,1,0
1937,PRQR,0,0,0,0,1
1938,PRSC,0,0,0,1,0
1939,PRSS,0,0,0,1,0
1940,PRTA,0,0,1,0,0
1941,PRTK,0,1,0,0,0
1942,PRTO,0,0,1,0,0
1943,PRTS,0,0,0,1,0
1944,PSAU,0,0,0,0,1
1945,PSCC,0,0,1,0,0
1946,PSCD,1,0,0,0,0
1947,PSCE,0,1,0,0,0
1948,PSCF,0,0,1,0,0
1949,PSCH,0,0,0,1,0
1950,PSCI,0,0,1,0,0
1951,PSCM,0,1,0,0,0
1952,PSCT,1,0,0,0,0
1953,PSCU,0,1,0,0,0
1954,PSEC,0,0,0,0,1
1955,PSET,0,0,0,1,0
1956,PSL,0,0,0,1,0
1957,PSMT,0,0,1,0,0
1958,PSTI,0,0,0,0,1
1959,PTC,0,0,1,0,0
1960,PTCT,0,1,0,0,0
1961,PTEN,0,0,0,0,1
1962,PTF,0,0,0,1,0
1963,PTH,0,0,0,1,0
1964,PTI,0,0,0,0,1
1965,PTIE,0,0,0,0,1
1966,PTLA,0,1,0,0,0
1967,PTNR,0,1,0,0,0
1968,PTSI,0,0,0,0,1
1969,PTX,0,0,0,0,1
1970,PUB,0,0,1,0,0
1971,PUI,0,1,0,0,0
1972,PULM,0,1,0,0,0
1973,PVAC,0,0,0,0,1
1974,PVBC,0,0,1,0,0
1975,PWOD,0,0,0,0,1
1976,PXI,0,0,0,0,1
1977,PXLW,0,0,1,0,0
1978,PXS,0,1,0,0,0
1979,PY,0,1,0,0,0
1980,PYDS,0,0,0,0,1
1981,PYPL,0,0,0,1,0
1982,PYZ,0,0,1,0,0
1983,PZZA,0,0,1,0,0
1984,QABA,0,0,0,0,1
1985,QADA,0,0,1,0,0
1986,QADB,1,0,0,0,0
1987,QAT,0,0,0,0,1
1988,QBAK,0,0,0,1,0
1989,QCLN,0,0,0,1,0
1990,QCOM,0,0,0,0,1
1991,QCRH,0,0,0,0,1
1992,QDEL,0,0,0,1,0
1993,QGEN,0,0,1,0,0
1994,QINC,1,0,0,0,0
1995,QIWI,0,1,0,0,0
1996,QLYS,0,0,1,0,0
1997,QNST,0,0,1,0,0
1998,QQEW,0,0,1,0,0
1999,QQQ,0,0,1,0,0
2000,QQQC,0,0,0,1,0
2001,QQQX,0,0,0,1,0
2002,QQXT,1,0,0,0,0
2003,QRHC,0,0,0,0,1
2004,QRVO,1,0,0,0,0
2005,QSII,0,0,0,0,1
2006,QTEC,1,0,0,0,0
2007,QTNA,0,0,0,0,1
2008,QTNT,0,0,0,0,1
2009,QTRH,0,0,0,0,1
2010,QUIK,0,0,0,0,1
2011,QUMU,0,0,0,0,1
2012,QURE,0,0,1,0,0
2013,QYLD,0,1,0,0,0
2014,RADA,1,0,0,0,0
2015,RAIL,0,0,0,0,1
2016,RAND,0,1,0,0,0
2017,RARE,0,0,0,0,1
2018,RARX,0,0,1,0,0
2019,RAVE,0,0,0,1,0
2020,RAVN,0,0,1,0,0
2021,RBBN,0,0,0,0,1
2022,RBCAA,0,0,0,0,1
2023,RBCN,0,0,0,1,0
2024,RBNC,1,0,0,0,0
2025,RCII,0,0,0,0,1
2026,RCKT,0,1,0,0,0
2027,RCKY,0,0,0,0,1
2028,RCMT,0,0,0,0,1
2029,RCON,0,0,0,0,1
2030,RDCM,0,0,0,0,1
2031,RDHL,1,0,0,0,0
2032,RDI,0,0,0,0,1
2033,RDNT,0,0,0,1,0
2034,RDUS,0,0,0,0,1
2035,RDVY,1,0,0,0,0
2036,RDWR,1,0,0,0,0
2037,RECN,0,0,0,0,1
2038,REFR,0,1,0,0,0
2039,REGI,0,0,0,0,1
2040,REGN,0,0,1,0,0
2041,REIS,0,0,0,0,1
2042,RELL,0,0,0,0,1
2043,RELV,0,0,0,0,1
2044,REPH,0,1,0,0,0
2045,RESN,0,0,0,0,1
2046,RETA,0,0,0,0,1
2047,RFAP,0,0,1,0,0
2048,RFDI,0,0,1,0,0
2049,RFEU,0,0,0,1,0
2050,RFIL,0,0,1,0,0
2051,RGCO,0,1,0,0,0
2052,RGEN,0,0,1,0,0
2053,RGLD,1,0,0,0,0
2054,RGLS,0,0,0,0,1
2055,RGNX,0,0,0,0,1
2056,RGSE,0,1,0,0,0
2057,RIBT,0,1,0,0,0
2058,RICK,1,0,0,0,0
2059,RIGL,0,0,0,0,1
2060,RILY,0,0,0,0,1
2061,RING,0,0,0,0,1
2062,RKDA,0,0,0,0,1
2063,RLJE,0,1,0,0,0
2064,RMBS,0,0,0,0,1
2065,RMCF,0,0,1,0,0
2066,RMGN,0,0,1,0,0
2067,RMR,0,0,0,1,0
2068,RMTI,0,0,0,0,1
2069,RNET,0,0,0,0,1
2070,RNST,0,0,0,0,1
2071,RNWK,1,0,0,0,0
2072,ROBO,0,0,0,1,0
2073,ROCK,0,1,0,0,0
2074,ROIC,0,0,0,0,1
2075,ROLL,0,0,1,0,0
2076,ROSG,0,0,0,1,0
2077,ROST,0,0,1,0,0
2078,RP,0,0,0,1,0
2079,RPD,0,0,0,1,0
2080,RPXC,0,0,0,0,1
2081,RRD,0,0,0,0,1
2082,RRGB,0,0,0,0,1
2083,RRR,0,1,0,0,0
2084,RSLS,0,0,0,1,0
2085,RSYS,0,0,1,0,0
2086,RTIX,0,0,0,1,0
2087,RTRX,0,0,0,0,1
2088,RUN,0,0,0,0,1
2089,RUSHA,0,0,1,0,0
2090,RUSHB,0,0,1,0,0
2091,RUTH,1,0,0,0,0
2092,RVEN,0,0,0,1,0
2093,RVLT,0,0,1,0,0
2094,RVNC,0,0,0,0,1
2095,RVSB,0,0,1,0,0
2096,RWLK,1,0,0,0,0
2097,RXII,1,0,0,0,0
2098,RYAAY,1,0,0,0,0
2099,SABR,0,0,0,0,1
2100,SAEX,0,0,0,1,0
2101,SAFM,0,1,0,0,0
2102,SAFT,0,0,0,0,1
2103,SAGE,0,0,1,0,0
2104,SAIA,0,0,1,0,0
2105,SALM,0,0,0,1,0
2106,SAMG,0,0,0,0,1
2107,SANM,0,0,0,0,1
2108,SANW,0,0,0,0,1
2109,SASR,0,0,0,0,1
2110,SATS,0,0,1,0,0
2111,SAUC,0,1,0,0,0
2112,SAVE,0,1,0,0,0
2113,SBAC,0,0,0,1,0
2114,SBBP,0,0,1,0,0
2115,SBBX,0,0,0,1,0
2116,SBCF,0,0,1,0,0
2117,SBFG,0,1,0,0,0
2118,SBFGP,0,1,0,0,0
2119,SBGI,0,0,0,0,1
2120,SBLK,0,0,1,0,0
2121,SBNY,0,0,1,0,0
2122,SBOT,0,0,0,1,0
2123,SBRA,0,0,1,0,0
2124,SBRAP,1,0,0,0,0
2125,SBSI,0,0,0,0,1
2126,SBT,1,0,0,0,0
2127,SBUX,0,0,0,0,1
2128,SCACU,1,0,0,0,0
2129,SCHL,0,1,0,0,0
2130,SCHN,0,0,1,0,0
2131,SCKT,1,0,0,0,0
2132,SCON,1,0,0,0,0
2133,SCSC,0,0,0,0,1
2134,SCVL,0,0,0,0,1
2135,SCWX,0,0,0,0,1
2136,SCYX,0,0,0,0,1
2137,SCZ,0,0,0,1,0
2138,SEAC,1,0,0,0,0
2139,SEDG,0,0,1,0,0
2140,SEED,0,1,0,0,0
2141,SEIC,0,0,0,1,0
2142,SEII,0,0,1,0,0
2143,SENEA,0,1,0,0,0
2144,SENEB,0,0,0,1,0
2145,SES,1,0,0,0,0
2146,SFBS,0,0,0,0,1
2147,SFLY,0,0,1,0,0
2148,SFM,0,0,0,0,1
2149,SFNC,0,0,0,0,1
2150,SFST,0,0,1,0,0
2151,SGC,0,1,0,0,0
2152,SGEN,0,0,1,0,0
2153,SGLB,0,1,0,0,0
2154,SGMO,0,0,0,1,0
2155,SGMS,0,0,0,1,0
2156,SGOC,0,0,0,1,0
2157,SGQI,0,1,0,0,0
2158,SGRP,0,0,0,0,1
2159,SGRY,0,0,0,0,1
2160,SGYP,0,0,0,1,0
2161,SHBI,0,0,1,0,0
2162,SHEN,0,0,0,0,1
2163,SHIP,0,0,0,0,1
2164,SHLD,0,1,0,0,0
2165,SHLM,0,0,1,0,0
2166,SHLO,0,1,0,0,0
2167,SHOO,0,1,0,0,0
2168,SHOS,0,0,0,0,1
2169,SHPG,0,0,1,0,0
2170,SHSP,0,0,0,0,1
2171,SHV,1,0,0,0,0
2172,SHY,1,0,0,0,0
2173,SIEB,0,0,0,1,0
2174,SIEN,1,0,0,0,0
2175,SIFI,0,0,0,0,1
2176,SIFY,0,0,1,0,0
2177,SIGA,0,0,1,0,0
2178,SIGI,1,0,0,0,0
2179,SIGM,0,0,0,0,1
2180,SILC,0,0,0,0,1
2181,SIMO,0,0,0,0,1
2182,SINA,0,0,1,0,0
2183,SINO,0,0,0,1,0
2184,SIR,0,0,0,1,0
2185,SIRI,0,0,0,1,0
2186,SITO,0,0,0,0,1
2187,SIVB,1,0,0,0,0
2188,SKIS,0,0,0,0,1
2189,SKOR,1,0,0,0,0
2190,SKYS,0,0,0,0,1
2191,SKYW,0,0,1,0,0
2192,SKYY,0,0,0,1,0
2193,SLAB,0,0,1,0,0
2194,SLCT,0,0,0,1,0
2195,SLGN,0,0,1,0,0
2196,SLM,0,0,0,0,1
2197,SLMBP,1,0,0,0,0
2198,SLNO,0,0,0,1,0
2199,SLP,0,0,0,1,0
2200,SLQD,1,0,0,0,0
2201,SLRC,0,0,0,0,1
2202,SLS,0,0,0,1,0
2203,SLVO,0,0,0,0,1
2204,SMBC,0,0,0,0,1
2205,SMBK,0,0,1,0,0
2206,SMCI,0,1,0,0,0
2207,SMCP,1,0,0,0,0
2208,SMED,0,0,0,0,1
2209,SMIT,0,0,0,0,1
2210,SMMF,0,0,0,0,1
2211,SMMT,0,1,0,0,0
2212,SMRT,0,0,0,0,1
2213,SMSI,0,0,0,0,1
2214,SMTC,0,0,1,0,0
2215,SMTX,1,0,0,0,0
2216,SNBR,0,0,0,1,0
2217,SNCR,0,0,0,1,0
2218,SND,0,0,0,1,0
2219,SNES,0,0,0,1,0
2220,SNFCA,0,0,1,0,0
2221,SNGX,0,1,0,0,0
2222,SNH,0,0,1,0,0
2223,SNHNI,1,0,0,0,0
2224,SNHY,0,0,1,0,0
2225,SNLN,1,0,0,0,0
2226,SNMX,0,0,1,0,0
2227,SNOA,0,1,0,0,0
2228,SNPS,1,0,0,0,0
2229,SNSS,0,0,0,0,1
2230,SOCL,0,0,0,1,0
2231,SODA,0,0,0,1,0
2232,SOFO,0,0,0,1,0
2233,SOHO,0,0,0,0,1
2234,SOHU,0,0,1,0,0
2235,SONA,0,0,0,0,1
2236,SONC,0,0,0,0,1
2237,SORL,0,0,0,0,1
2238,SOXX,1,0,0,0,0
2239,SP,0,0,1,0,0
2240,SPAR,1,0,0,0,0
2241,SPCB,0,1,0,0,0
2242,SPEX,1,0,0,0,0
2243,SPHS,0,0,0,0,1
2244,SPI,0,0,0,0,1
2245,SPIL,0,0,0,1,0
2246,SPKE,0,0,0,0,1
2247,SPLK,0,0,1,0,0
2248,SPNE,0,0,0,0,1
2249,SPNS,1,0,0,0,0
2250,SPOK,0,0,0,0,1
2251,SPPI,0,0,0,1,0
2252,SPRT,1,0,0,0,0
2253,SPSC,0,1,0,0,0
2254,SPTN,1,0,0,0,0
2255,SPWH,0,0,0,0,1
2256,SPWR,0,0,0,0,1
2257,SQBG,0,0,0,1,0
2258,SQQQ,0,0,0,1,0
2259,SRAX,0,0,0,0,1
2260,SRCE,0,0,1,0,0
2261,SRCL,0,0,1,0,0
2262,SRCLP,1,0,0,0,0
2263,SRDX,0,0,0,0,1
2264,SRET,0,0,0,0,1
2265,SREV,0,0,0,0,1
2266,SRNE,0,0,0,0,1
2267,SRPT,0,0,0,1,0
2268,SRRA,0,0,0,0,1
2269,SSB,0,0,1,0,0
2270,SSBI,0,0,0,0,1
2271,SSC,0,1,0,0,0
2272,SSFN,0,0,0,0,1
2273,SSKN,0,1,0,0,0
2274,SSNC,0,0,0,1,0
2275,SSNT,1,0,0,0,0
2276,SSRM,0,0,0,0,1
2277,SSYS,1,0,0,0,0
2278,STAA,0,0,1,0,0
2279,STAF,0,1,0,0,0
2280,STB,0,0,0,0,1
2281,STBA,0,0,0,0,1
2282,STBZ,0,0,1,0,0
2283,STDY,0,1,0,0,0
2284,STFC,0,0,0,0,1
2285,STKL,0,0,0,0,1
2286,STKS,0,0,0,0,1
2287,STLD,0,0,1,0,0
2288,STLR,0,1,0,0,0
2289,STML,0,0,0,0,1
2290,STMP,0,0,1,0,0
2291,STPP,0,1,0,0,0
2292,STRA,1,0,0,0,0
2293,STRL,0,1,0,0,0
2294,STRM,0,0,0,0,1
2295,STRS,0,0,0,0,1
2296,STRT,0,0,0,0,1
2297,STX,1,0,0,0,0
2298,SUMR,0,1,0,0,0
2299,SUNS,0,0,0,0,1
2300,SUNW,1,0,0,0,0
2301,SUPN,0,1,0,0,0
2302,SVA,1,0,0,0,0
2303,SVVC,0,1,0,0,0
2304,SWIR,1,0,0,0,0
2305,SWKS,0,0,1,0,0
2306,SYBT,0,1,0,0,0
2307,SYBX,0,1,0,0,0
2308,SYKE,0,0,0,0,1
2309,SYMC,0,1,0,0,0
2310,SYNA,0,0,0,0,1
2311,SYNC,0,0,0,0,1
2312,SYNH,0,0,0,0,1
2313,SYNL,1,0,0,0,0
2314,SYNT,0,0,0,0,1
2315,SYPR,0,0,1,0,0
2316,TA,1,0,0,0,0
2317,TACO,0,0,0,0,1
2318,TACT,0,0,0,1,0
2319,TAIT,0,0,0,0,1
2320,TANH,0,0,0,0,1
2321,TANNI,0,0,0,0,1
2322,TANNL,0,0,0,0,1
2323,TANNZ,0,0,0,0,1
2324,TAPR,0,0,0,0,1
2325,TAST,1,0,0,0,0
2326,TATT,0,0,0,0,1
2327,TAX,0,0,0,0,1
2328,TBBK,0,0,0,0,1
2329,TBK,0,0,0,0,1
2330,TBNK,0,0,0,0,1
2331,TBPH,0,0,1,0,0
2332,TCBI,0,0,1,0,0
2333,TCBIL,1,0,0,0,0
2334,TCBIP,1,0,0,0,0
2335,TCBK,0,0,1,0,0
2336,TCCO,0,0,1,0,0
2337,TCFC,1,0,0,0,0
2338,TCON,0,0,0,0,1
2339,TCPC,0,0,0,1,0
2340,TCRD,0,0,0,1,0
2341,TCX,1,0,0,0,0
2342,TDIV,1,0,0,0,0
2343,TEAM,0,0,0,1,0
2344,TECD,0,0,1,0,0
2345,TECH,1,0,0,0,0
2346,TEDU,0,0,0,0,1
2347,TELL,0,0,0,0,1
2348,TENX,0,0,0,0,1
2349,TERP,0,0,0,0,1
2350,TESS,0,0,1,0,0
2351,TFSL,0,1,0,0,0
2352,TGA,0,0,0,0,1
2353,TGEN,0,0,0,0,1
2354,TGLS,0,0,0,0,1
2355,TGTX,0,1,0,0,0
2356,THFF,0,0,0,0,1
2357,THRM,0,0,0,0,1
2358,THST,0,0,1,0,0
2359,TIG,0,0,0,1,0
2360,TILE,0,0,1,0,0
2361,TIPT,0,0,0,0,1
2362,TISA,0,0,0,0,1
2363,TITN,0,0,0,0,1
2364,TIVO,0,0,0,0,1
2365,TLF,0,0,0,0,1
2366,TLGT,0,0,1,0,0
2367,TLT,1,0,0,0,0
2368,TMUS,0,0,1,0,0
2369,TNAV,0,0,0,1,0
2370,TNDM,0,0,1,0,0
2371,TNXP,0,0,0,0,1
2372,TOPS,0,0,1,0,0
2373,TOUR,0,0,0,1,0
2374,TOWN,0,0,0,0,1
2375,TPIV,0,0,0,0,1
2376,TQQQ,0,0,1,0,0
2377,TRCB,1,0,0,0,0
2378,TRCH,1,0,0,0,0
2379,TREE,0,0,0,1,0
2380,TRHC,0,0,0,1,0
2381,TRIB,1,0,0,0,0
2382,TRIL,0,0,0,0,1
2383,TRIP,0,1,0,0,0
2384,TRMB,0,0,1,0,0
2385,TRMK,0,0,0,0,1
2386,TRNC,0,1,0,0,0
2387,TRNS,0,0,0,1,0
2388,TROV,1,0,0,0,0
2389,TROW,1,0,0,0,0
2390,TRS,0,0,0,0,1
2391,TRST,0,0,0,0,1
2392,TRUE,0,1,0,0,0
2393,TRUP,0,0,1,0,0
2394,TRVG,1,0,0,0,0
2395,TRVN,0,0,0,1,0
2396,TSBK,0,0,0,1,0
2397,TSC,0,0,0,0,1
2398,TSCO,0,0,0,0,1
2399,TSEM,1,0,0,0,0
2400,TSG,0,0,0,1,0
2401,TSLA,0,0,1,0,0
2402,TSRI,0,0,0,0,1
2403,TSRO,0,0,0,1,0
2404,TST,0,0,1,0,0
2405,TTEC,0,0,0,1,0
2406,TTEK,0,0,1,0,0
2407,TTGT,0,0,0,1,0
2408,TTMI,0,0,0,0,1
2409,TTNP,0,0,0,1,0
2410,TTOO,0,0,0,0,1
2411,TTPH,0,0,0,0,1
2412,TTS,0,0,1,0,0
2413,TTWO,0,0,1,0,0
2414,TUES,0,0,0,0,1
2415,TUR,0,1,0,0,0
2416,TURN,0,0,0,0,1
2417,TUSA,0,0,1,0,0
2418,TUSK,0,0,0,0,1
2419,TVIX,0,1,0,0,0
2420,TVIZ,0,0,0,1,0
2421,TVTY,0,0,0,1,0
2422,TWIN,1,0,0,0,0
2423,TWMC,1,0,0,0,0
2424,TWNK,0,1,0,0,0
2425,TWOU,0,0,0,1,0
2426,TXMD,0,0,0,0,1
2427,TXN,0,0,0,1,0
2428,TXRH,0,1,0,0,0
2429,TYHT,0,1,0,0,0
2430,TYME,1,0,0,0,0
2431,TYPE,0,0,1,0,0
2432,TZOO,0,0,1,0,0
2433,UAE,0,0,0,0,1
2434,UBFO,1,0,0,0,0
2435,UBIO,1,0,0,0,0
2436,UBNK,0,0,0,0,1
2437,UBNT,0,1,0,0,0
2438,UBSH,0,0,0,0,1
2439,UBSI,0,1,0,0,0
2440,UCBA,0,0,0,1,0
2441,UCBI,0,0,0,0,1
2442,UCFC,0,0,0,0,1
2443,UCTT,0,1,0,0,0
2444,UDBI,1,0,0,0,0
2445,UEIC,1,0,0,0,0
2446,UEPS,0,0,1,0,0
2447,UFCS,0,0,0,0,1
2448,UFPI,0,0,1,0,0
2449,UFPT,0,0,0,0,1
2450,UGLD,0,0,0,0,1
2451,UHAL,0,0,1,0,0
2452,UIHC,0,0,0,0,1
2453,ULBI,0,0,0,1,0
2454,ULH,0,0,0,0,1
2455,ULTA,0,0,1,0,0
2456,ULTI,1,0,0,0,0
2457,UMBF,0,0,0,0,1
2458,UMPQ,0,0,0,0,1
2459,UNAM,0,0,0,1,0
2460,UNB,0,0,0,0,1
2461,UNFI,0,0,0,0,1
2462,UNIT,0,0,0,0,1
2463,UNTY,0,0,1,0,0
2464,UONE,0,1,0,0,0
2465,UPLD,0,0,0,1,0
2466,URBN,1,0,0,0,0
2467,USAK,1,0,0,0,0
2468,USAP,0,0,1,0,0
2469,USAT,0,0,1,0,0
2470,USAU,0,0,0,1,0
2471,USCR,0,0,1,0,0
2472,USEG,0,0,0,0,1
2473,USLB,1,0,0,0,0
2474,USLM,1,0,0,0,0
2475,USLV,0,0,0,0,1
2476,UTHR,1,0,0,0,0
2477,UTMD,0,0,0,1,0
2478,UTSI,0,0,1,0,0
2479,UVSP,0,0,0,0,1
2480,VALU,0,0,0,0,1
2481,VALX,1,0,0,0,0
2482,VBFC,0,1,0,0,0
2483,VBIV,0,0,0,0,1
2484,VBLT,0,0,0,0,1
2485,VBND,1,0,0,0,0
2486,VBTX,0,0,0,0,1
2487,VC,0,1,0,0,0
2488,VCEL,0,0,1,0,0
2489,VCIT,1,0,0,0,0
2490,VCLT,0,1,0,0,0
2491,VCSH,1,0,0,0,0
2492,VCYT,0,0,1,0,0
2493,VDSI,0,0,0,0,1
2494,VECO,0,0,0,0,1
2495,VEON,0,0,0,1,0
2496,VERU,0,0,0,0,1
2497,VGIT,1,0,0,0,0
2498,VGLT,1,0,0,0,0
2499,VGSH,1,0,0,0,0
2500,VIA,0,0,0,0,1
2501,VIAB,0,1,0,0,0
2502,VIAV,1,0,0,0,0
2503,VICL,0,0,1,0,0
2504,VICR,0,0,0,0,1
2505,VIDI,0,0,0,1,0
2506,VIGI,0,0,1,0,0
2507,VIIX,0,0,0,0,1
2508,VIIZ,0,0,0,0,1
2509,VIRC,0,0,0,0,1
2510,VIRT,0,0,0,0,1
2511,VIVE,0,1,0,0,0
2512,VIVO,0,0,0,0,1
2513,VKTX,0,0,0,0,1
2514,VLGEA,0,0,0,0,1
2515,VMBS,1,0,0,0,0
2516,VNDA,0,0,0,0,1
2517,VNET,0,0,0,0,1
2518,VNOM,0,0,1,0,0
2519,VNQI,0,0,1,0,0
2520,VOD,0,0,1,0,0
2521,VONE,1,0,0,0,0
2522,VONG,0,0,1,0,0
2523,VONV,1,0,0,0,0
2524,VOXX,0,0,0,0,1
2525,VRA,0,0,0,0,1
2526,VRAY,1,0,0,0,0
2527,VRML,0,1,0,0,0
2528,VRNS,0,0,0,1,0
2529,VRNT,0,0,0,0,1
2530,VRSK,0,1,0,0,0
2531,VRSN,0,0,0,1,0
2532,VRTS,0,0,0,0,1
2533,VRTU,1,0,0,0,0
2534,VRTX,0,0,0,1,0
2535,VSAR,0,0,0,0,1
2536,VSAT,0,0,1,0,0
2537,VSEC,0,0,1,0,0
2538,VSTM,0,0,1,0,0
2539,VTGN,0,1,0,0,0
2540,VTHR,1,0,0,0,0
2541,VTIP,1,0,0,0,0
2542,VTL,0,0,0,0,1
2543,VTNR,0,0,0,0,1
2544,VTVT,0,0,0,1,0
2545,VTWG,0,1,0,0,0
2546,VTWO,0,0,1,0,0
2547,VTWV,1,0,0,0,0
2548,VUSE,0,0,1,0,0
2549,VUZI,0,0,0,0,1
2550,VVPR,0,0,0,1,0
2551,VVUS,0,0,0,1,0
2552,VWOB,1,0,0,0,0
2553,VXRT,1,0,0,0,0
2554,VXUS,1,0,0,0,0
2555,VYGR,0,0,1,0,0
2556,VYMI,1,0,0,0,0
2557,WABC,0,0,0,0,1
2558,WAFD,0,0,0,0,1
2559,WASH,0,0,0,0,1
2560,WATT,0,0,0,0,1
2561,WB,0,0,1,0,0
2562,WBA,1,0,0,0,0
2563,WCFB,0,0,0,0,1
2564,WDAY,0,0,0,1,0
2565,WDC,0,0,1,0,0
2566,WDFC,1,0,0,0,0
2567,WEB,0,0,0,0,1
2568,WEN,0,0,0,0,1
2569,WERN,1,0,0,0,0
2570,WETF,0,0,0,0,1
2571,WEYS,0,0,0,0,1
2572,WHF,0,0,0,0,1
2573,WHFBL,1,0,0,0,0
2574,WHLR,0,0,1,0,0
2575,WHLRP,0,0,1,0,0
2576,WIFI,0,0,1,0,0
2577,WIN,0,0,0,1,0
2578,WINA,0,0,1,0,0
2579,WING,0,0,0,1,0
2580,WINS,0,0,0,0,1
2581,WIRE,0,0,0,0,1
2582,WIX,0,1,0,0,0
2583,WKHS,0,0,0,0,1
2584,WLB,0,0,0,1,0
2585,WLDN,0,0,0,0,1
2586,WLFC,0,0,1,0,0
2587,WLTW,1,0,0,0,0
2588,WMGI,1,0,0,0,0
2589,WMGIZ,1,0,0,0,0
2590,WMIH,0,0,0,0,1
2591,WNEB,0,0,0,0,1
2592,WOOD,0,0,0,1,0
2593,WPRT,0,0,0,0,1
2594,WRLD,0,0,0,0,1
2595,WSBC,0,0,0,0,1
2596,WSBF,0,0,0,0,1
2597,WSC,0,1,0,0,0
2598,WSCI,0,0,1,0,0
2599,WSFS,0,0,0,0,1
2600,WSTG,0,0,1,0,0
2601,WSTL,0,0,0,0,1
2602,WTBA,0,0,0,0,1
2603,WTFC,0,0,1,0,0
2604,WTFCM,1,0,0,0,0
2605,WVE,0,0,0,0,1
2606,WVFC,0,0,0,0,1
2607,WWD,0,0,1,0,0
2608,WWR,0,0,0,1,0
2609,WYNN,0,0,0,1,0
2610,XBIT,0,0,0,0,1
2611,XCRA,1,0,0,0,0
2612,XEL,0,0,1,0,0
2613,XELB,0,0,0,0,1
2614,XENE,0,0,0,0,1
2615,XENT,0,0,1,0,0
2616,XGTI,0,1,0,0,0
2617,XLNX,0,0,0,0,1
2618,XLRN,0,0,0,0,1
2619,XNCR,0,0,0,0,1
2620,XNET,0,0,0,0,1
2621,XOG,0,0,0,0,1
2622,XOMA,0,0,0,1,0
2623,XONE,0,0,0,0,1
2624,XPER,1,0,0,0,0
2625,XPLR,0,0,1,0,0
2626,XRAY,1,0,0,0,0
2627,XSPA,0,1,0,0,0
2628,XT,0,0,0,1,0
2629,XTLB,0,1,0,0,0
2630,YDIV,1,0,0,0,0
2631,YECO,0,1,0,0,0
2632,YGYI,0,0,0,0,1
2633,YIN,0,1,0,0,0
2634,YLCO,0,1,0,0,0
2635,YNDX,0,0,0,0,1
2636,YORW,0,0,0,0,1
2637,YRCW,0,0,0,0,1
2638,YRIV,0,1,0,0,0
2639,YTEN,0,0,1,0,0
2640,YTRA,0,1,0,0,0
2641,YY,0,0,0,1,0
2642,Z,1,0,0,0,0
2643,ZAGG,0,0,1,0,0
2644,ZAIS,0,0,0,0,1
2645,ZBIO,0,0,1,0,0
2646,ZBRA,0,0,0,1,0
2647,ZEUS,0,0,0,0,1
2648,ZFGN,0,0,1,0,0
2649,ZG,0,0,1,0,0
2650,ZGNX,0,0,0,0,1
2651,ZION,0,0,1,0,0
2652,ZIOP,0,1,0,0,0
2653,ZIV,0,1,0,0,0
2654,ZIXI,0,0,0,0,1
2655,ZN,0,0,1,0,0
2656,ZNGA,0,1,0,0,0
2657,ZSAN,1,0,0,0,0
2658,ZUMZ,0,0,0,0,1
2659,ZYNE,0,0,0,0,1
